1/4/1983,152.43,164.7,149.7,164.25,0,12.2594936
1/5/1983,164.45,168.35,160.35,162.2,0,12.83431667
1/6/1983,162.15,173.85,160.35,170.15,0,13.11078098
1/7/1983,170.25,172.45,162.45,163.7,0,13.20188707
1/8/1983,163.55,166.35,159.25,164.95,0,12.84172393
1/9/1983,165.3,172.6,164.2,168.25,0,13.15181962
1/10/1983,167.7,174.25,164.15,165.45,0,13.10208676
1/11/1983,165.65,169.3,163.35,166.4,0,12.80275004
1/12/1983,166.33,168.05,161.67,167.3,0,12.6214613
1/1/1984,166.75,171.75,164.7,165.5,0,12.55642606
1/2/1984,165.6,165.95,152.8,157.15,0,11.65067775
1/3/1984,156.75,162.75,153.9,161.05,0,11.44581776
1/4/1984,161.6,161.85,155.3,161.4,0,11.20494441
1/5/1984,161.7,163.25,148.9,150.8,0,10.90495378
1/6/1984,151.65,158.1,149.03,154.85,0,10.44193181
1/7/1984,154.85,156.3,148.45,152.25,0,10.09559228
1/8/1984,152.72,171.05,152.65,167.4,0,10.77102612
1/9/1984,166.95,172.2,163.55,170.1,0,10.6759913
1/10/1984,169.72,174.4,162.75,168.6,0,10.43107449
1/11/1984,169.35,172.9,163.9,164.55,0,10.41655343
1/12/1984,165.02,171.8,161.55,170.2,0,10.21836418
1/1/1985,169.95,182.1,166,180.45,0,10.58273648
1/2/1985,179.6,185.55,178.9,181.8,0,11.07065572
1/3/1985,182.8,185.1,176.53,183.35,0,10.93347176
1/4/1985,183.55,184.85,179.7,180.85,0,10.99150458
1/5/1985,180.95,191,179.05,189.65,0,11.27420704
1/6/1985,190.8,194.35,185.5,193.65,0,11.57584012
1/7/1985,193.95,198,189.6,191.35,0,11.88129632
1/8/1985,191.75,193.3,186.3,187.9,0,11.71754894
1/9/1985,188.18,189.4,180.3,182.8,0,11.55595875
1/10/1985,182.75,190.45,182.1,189.25,0,11.80149681
1/11/1985,189.28,204.5,189.1,202.4,0,12.66178728
1/12/1985,202.3,214.3,200.4,212.45,0,13.45123119
1/1/1986,211.63,216.6,202.6,213.05,0,13.66982539
1/2/1986,213.45,228.65,211.3,226,0,14.62369471
1/3/1986,226.3,243.8,222.3,241,0,15.71041954
1/4/1986,241.6,246.7,226.75,234.8,0,16.24515469
1/5/1986,234.5,250.4,231.4,247.55,0,16.33672672
1/6/1986,247.8,253.3,237.4,252.25,0,16.80058824
1/7/1986,252.25,255.2,232.6,235.95,0,16.51851508
1/8/1986,236.3,255.3,231.3,252.65,0,16.85507583
1/9/1986,252.6,255,225,230.6,0,16.33309957
1/10/1986,231.9,244.8,229.8,244.7,0,16.25885188
1/11/1986,245.4,249.95,235.2,248.65,0,16.78025616
1/12/1986,246.2,256.05,240.6,242.15,0,17.03073726
1/1/1987,243.4,282.6,243.4,274.15,0,18.02162159
1/2/1987,273,289,273,283.55,0,19.07661892
1/3/1987,284.6,305.7,282.4,291.25,0,19.76564508
1/4/1987,288.9,306.1,275,289.45,0,19.47480325
1/5/1987,288.2,300.6,276.95,289.45,0,19.46567299
1/6/1987,292.37,313.5,286.9,303.55,0,20.33878181
1/7/1987,304.4,320.3,303.8,320.2,0,20.92582982
1/8/1987,317.7,339.45,314.65,330.85,0,22.08868292
1/9/1987,331.17,333.2,308.7,325.85,0,21.1646888
1/10/1987,326.3,333,181,259.35,0,18.4052153
1/11/1987,254.67,258.2,225,232,0,15.90937115
1/12/1987,233.7,255.6,220.8,246.75,0,15.44790464
1/1/1988,252.25,264,239.5,257.05,0,15.7919724
1/2/1988,258.7,268.9,248,267.3,0,15.94289674
1/3/1988,267.9,274.45,256.35,259.05,0,16.00335151
1/4/1988,257.62,273.7,254.1,261,0,15.30853113
1/5/1988,261.9,264.25,248.5,262.95,0,14.44524935
1/6/1988,263.85,279.5,263.15,275.4,0,14.72904796
1/7/1988,276.1,279.1,262.55,273.25,0,14.14983402
1/8/1988,273.6,275.7,256.45,261.6,0,13.43033266
1/9/1988,260.2,277.7,256.7,274.15,0,13.22007567
1/10/1988,273.85,285.75,270.5,279.1,0,13.32487058
1/11/1988,278.87,282,263.5,273.05,0,12.71628018
1/12/1988,273.37,284.5,270.7,280.4,0,12.67191314
1/1/1989,278.95,299.75,275.8,298.75,0,12.73830579
1/2/1989,298.3,302.65,286.8,289.65,0,12.8319194
1/3/1989,290.67,300.6,286.9,297.85,0,12.51575115
1/4/1989,298,313.1,297.25,311.55,0,12.71104213
1/5/1989,309.45,325,305.65,321.45,0,13.00836289
1/6/1989,320.7,334,318.05,321.2,0,13.2781715
1/7/1989,321.82,348.55,320.1,348.3,0,13.51964784
1/8/1989,349.1,354.4,340,351.8,0,14.07783175
1/9/1989,352.3,355.4,342.65,352.6,0,14.09653441
1/10/1989,352.7,364.5,323.85,343.15,0,14.10786279
1/11/1989,343.1,347.75,332.3,347.5,0,13.89227761
1/12/1989,348.07,357,343.3,356.35,0,14.36362861
1/1/1990,356.32,364.8,320.75,330.5,0,14.06581516
1/2/1990,330.95,338.3,322.5,332.95,0,13.83386041
1/3/1990,332.4,349.15,331.55,341.45,0,14.3574949
1/4/1990,338.9,350.8,328.6,332.1,0,14.61009598
1/5/1990,333,363.9,331.75,361.75,0,15.376193
1/6/1990,363.8,370.1,355,362.35,0,16.00952663
1/7/1990,362.5,373.8,352.4,358.2,0,16.16410867
1/8/1990,357.5,359.8,305.2,322.55,0,14.91071143
1/9/1990,319,328,297.3,306.75,0,14.27336917
1/10/1990,310,323.5,295.6,306.8,0,13.98092717
1/11/1990,305.8,324.9,302.4,324.05,0,14.46300865
1/12/1990,325.5,335.5,322.6,331,0,15.20180315
1/1/1991,330.6,344.8,309.8,344.65,0,15.06486781
1/2/1991,343,372.7,340.65,366.8,0,16.85379323
1/3/1991,363.4,381.85,363.4,376.25,0,17.40333025
1/4/1991,376.4,393.5,372.4,375.9,0,17.86390952
1/5/1991,376.25,390.6,366.5,389.7,0,17.92872486
1/6/1991,388.95,391,370.1,372.25,0,18.1315453
1/7/1991,376,389.05,372.4,388.4,0,18.49866022
1/8/1991,387.85,397.95,374.85,395.55,0,19.23494033
1/9/1991,396.45,398.6,382.9,390.3,0,19.43802546
1/10/1991,391.3,395.85,377.6,393.3,0,19.85644565
1/11/1991,393.05,399.2,372.1,375.7,0,20.2729405
1/12/1991,372,416.75,371.1,416.4,0,20.99761384
1/1/1992,416.9,422.85,408.1,408.6,0,23.1127172
1/2/1992,408.12,419.1,406.1,412.35,0,23.43929079
1/3/1992,412.3,414.15,401.75,404.2,0,23.57817845
1/4/1992,401.5,417.6,392.4,414.8,0,24.01284698
1/5/1992,415.25,419.05,409.3,414.9,0,24.77697125
1/6/1992,414.27,417.25,400.2,409.5,0,24.54942438
1/7/1992,409.12,425.05,406.8,423.9,0,25.02765624
1/8/1992,423.3,425,408,414.15,0,25.11509423
1/9/1992,413.67,425.4,412.7,418.35,0,24.92160455
1/10/1992,418.35,421.1,390,417.8,0,24.19873203
1/11/1992,418.37,432.6,415.7,430.95,0,24.45106243
1/12/1992,430.9,443.8,428.25,437.65,2461,24.83853679
1/1/1993,438.25,443.05,426.7,438.25,122596,24.31385341
1/2/1993,439,450.85,428.5,443.7,136395,24.22918023
1/3/1993,444.3,457.4,440.9,452.6,130518,24.26290606
1/4/1993,452.4,453.2,432.15,438.65,132955,23.54435574
1/5/1993,439.6,454.95,436.5,450.1,131349,23.42248437
1/6/1993,451.3,456.15,443,451,133893,23.39450192
1/7/1993,451.3,451.9,441.45,448,110059,23.20409067
1/8/1993,448,463.9,447.3,463.25,111867,23.34128724
1/9/1993,462.5,464.8,449.1,459.35,142614,23.40387973
1/10/1993,458.9,471.55,456.9,468.05,125562,23.38908556
1/11/1993,467.4,469.6,454.4,461.85,152692,23.13343856
1/12/1993,463.8,472.75,461.65,466.95,117232,23.06340013
1/1/1994,467,483.1,464.6,481.7,140139,23.12353155
1/2/1994,481.3,482.7,463.4,466.15,168368,22.71186034
1/3/1994,466.5,472.2,435.9,446.75,232028,21.96898348
1/4/1994,441.75,453,434.75,450.35,183255,20.78607291
1/5/1994,450.1,458.1,440.3,456.2,179028,20.54148354
1/6/1994,455.4,463.65,438.8,445.05,175842,20.22329154
1/7/1994,445.05,460.1,444.05,458.9,145098,19.584632
1/8/1994,458.45,478.25,455.65,474.1,180611,19.61988885
1/9/1994,473.8,476.15,459.7,464,167204,19.24671789
1/10/1994,463.15,476.9,450.2,476.4,220587,18.6492152
1/11/1994,472.65,472.65,446,453.95,222967,18.02285529
1/12/1994,453.55,466.6,443.65,461.35,133549,17.28030687
1/1/1995,461.1,473.85,460.2,472.2,176276,17.07655436
1/2/1995,472.9,490.75,470.4,485.2,179043,17.1334314
1/3/1995,488.2,508.4,479.3,504.4,199820,17.02326211
1/4/1995,504.1,517.2,503.1,516.75,163352,17.04840646
1/5/1995,516.2,534.25,514.2,533.35,225270,17.13417588
1/6/1995,532.7,556.15,525.2,547.15,177901,17.20545284
1/7/1995,548.7,568.45,546,563.15,163472,17.40442037
1/8/1995,563.1,568.9,554.2,562.85,188547,17.10145908
1/9/1995,561.85,592.6,561.2,588.2,179274,17.4032577
1/10/1995,588.2,594,573,583.85,204393,17.29670324
1/11/1995,583.3,610,582.85,607.25,184083,17.55524145
1/12/1995,613.7,629.7,610.8,618.45,142355,18.0469145
1/1/1996,617.8,638.3,598.4,637.95,228973,17.89540059
1/2/1996,637.1,667.1,635.1,638.25,239974,18.8452296
1/3/1996,644,664.5,630.3,651.25,211767,18.70458346
1/4/1996,653.6,660.5,625,654.85,175638,18.68543023
1/5/1996,654.6,683.2,631.5,666.95,217327,19.10708612
1/6/1996,667.1,682.2,661.25,676.8,180912,19.35202561
1/7/1996,677.5,681.4,610.25,642.4,206408,18.65030193
1/8/1996,641.8,672.55,641.5,651.35,160897,19.1489937
1/9/1996,643,697.5,642.7,691.4,199170,19.40036634
1/10/1996,691.1,718.7,689.2,709.65,212997,19.9915054
1/11/1996,710.6,765.3,704.05,758.25,182200,20.75328581
1/12/1996,757.5,766.8,723,744.5,190244,20.73737336
1/1/1997,749.5,799.7,733.25,787.5,216037,21.04919126
1/2/1997,789.25,820.4,771,790.4,181022,21.5855937
1/3/1997,787.5,816,757,758,217738,21.08593535
1/4/1997,758.5,810,737.6,802.8,231845,20.06179267
1/5/1997,803,854.7,795.85,850.6,201287,21.63605504
1/6/1997,853.25,912.4,839.4,890.25,197613,22.48090618
1/7/1997,892.25,963.9,891.6,957.95,168861,23.46756958
1/8/1997,957.95,969.2,895.25,903.1,177404,23.28740822
1/9/1997,905,972,904,955.5,210041,23.34397073
1/10/1997,955.5,992.25,844,924,281002,23.58427629
1/11/1997,923.75,971,902.5,955,192549,23.28215491
1/12/1997,955.5,989.75,941.25,979,178330,23.917452
1/1/1998,979.25,999,914.5,987.75,268735,23.95434211
1/2/1998,988,1055,987.75,1050.5,217967,25.47978701
1/3/1998,1049.25,1125.25,1032,1110.5,242933,26.84342355
1/4/1998,1109.75,1142.5,1081.5,1119.25,297789,27.79099572
1/5/1998,1119.25,1137,1075,1090.75,289370,27.78045688
1/6/1998,1090,1158,1073.5,1143,309960,27.89575542
1/7/1998,1143,1199.75,1116.25,1123,379684,29.25017621
1/8/1998,1122.25,1128.25,952,954,455150,27.30868941
1/9/1998,951.75,1080.75,935,1026,374007,26.06891636
1/10/1998,1026.5,1110.25,929.25,1105.25,518342,26.47097799
1/11/1998,1105,1198,1101.75,1162.5,429597,29.52171888
1/12/1998,1162.75,1256.75,1135.5,1245.5,410061,30.90356813
1/1/1999,1247,1290.5,1210,1281.5,2032768,32.52306445
1/2/1999,1288.5,1290.5,1215.5,1235.5,2118835,32.56433473
1/3/1999,1237,1337,1217.1,1293.3,2380926,33.48869882
1/4/1999,1305,1379.8,1290.5,1336.5,2139538,34.66138928
1/5/1999,1339,1382,1279,1297.2,2070211,34.51927308
1/6/1999,1298.75,1386.5,1278,1381.5,540838,34.094365
1/7/1999,1381.75,1431.75,1335.75,1339.5,839283,35.20245856
1/8/1999,1332.5,1387.75,1271,1319.75,1059332,33.39243456
1/9/1999,1320,1368.25,1267.5,1297.75,994217,32.57506747
1/10/1999,1297,1383,1241.5,1376.25,1203607,31.5525116
1/11/1999,1375,1432.5,1352,1391.75,1096051,33.10640386
1/12/1999,1391.5,1499.5,1386.25,1485,802317,33.28059708
1/1/2000,1489,1496,1357,1400.75,1262851,32.37260536
1/2/2000,1402.75,1454.75,1327.5,1372,1380645,30.6693679
1/3/2000,1373.5,1574.25,1348.5,1517.5,1336355,30.93789878
1/4/2000,1514,1544.75,1342.25,1460,1462507,30.7391475
1/5/2000,1459,1492.75,1365.5,1422.25,1686870,29.28851777
1/6/2000,1422,1514.25,1420.25,1468,1397093,29.57003139
1/7/2000,1472.25,1533,1423.5,1439,1385267,29.29589933
1/8/2000,1439.5,1530,1433.25,1521.25,1454578,29.16739625
1/9/2000,1522.75,1557.5,1436.75,1454,1511398,28.37581975
1/10/2000,1453.75,1474,1324,1440.75,2097776,26.68790846
1/11/2000,1441,1455,1296.75,1321,1877939,26.41171728
1/12/2000,1321.5,1409.25,1270.25,1327,1489212,25.58726475
1/1/2001,1331,1394,1287.5,1373.5,2221257,25.69583337
1/2/2001,1373.5,1386,1217,1242,2249272,25.29652888
1/3/2001,1239.25,1270.5,1088,1174,2824267,23.26462674
1/4/2001,1173,1274.75,1098.5,1254.25,3055848,23.74966148
1/5/2001,1253.25,1319.25,1235,1254.5,2825116,25.9814382
1/6/2001,1255.75,1288.5,1206,1237.75,2637057,26.24909253
1/7/2001,1233.5,1248.25,1168.5,1215.25,2879777,26.78180324
1/8/2001,1214,1234.25,1125.5,1138.5,3486980,27.57342928
1/9/2001,1137.5,1158.5,938.5,1043.75,3248048,25.78098466
1/10/2001,1044.25,1114.5,1028.75,1056.25,5264875,28.33556878
1/11/2001,1057.5,1164.75,1053.25,1135.25,4255200,31.71588282
1/12/2001,1137.25,1175.25,1115,1142.25,3016878,34.44477323
1/1/2002,1143.75,1178.5,1080.75,1130.5,4796391,36.509949
1/2/2002,1128.75,1132.25,1073.75,1107,5467866,37.23875929
1/3/2002,1106.25,1177.5,1106,1144.75,5319124,40.89512324
1/4/2002,1145.25,1150,1063.5,1076,7031466,40.8762545
1/5/2002,1076.75,1109,1045.75,1064,7900353,40.91964664
1/6/2002,1066.25,1071,945.5,988,8537115,39.13529866
1/7/2002,989,996.25,771,908,14660144,34.94105988
1/8/2002,909.25,966,828.5,912.25,11481854,34.98913498
1/9/2002,913.25,927.75,798.25,815,10646301,32.77223651
1/10/2002,816.5,909.25,767.25,885.5,17242646,31.76454883
1/11/2002,882,942.5,870.25,936,12108129,33.43791955
1/12/2002,934,955.25,868,879,8487432,32.82538987
1/1/2003,883,937,836,854.75,13710061,32.16890478
1/2/2003,854.75,864,805.25,841,13595059,29.46113865
1/3/2003,844,895.75,788,847,13713076,29.25637772
1/4/2003,844.5,923.75,843,916,13433134,30.36210971
1/5/2003,915.5,966,900.5,963.25,13521949,31.46730159
1/6/2003,963.75,1015.75,963.5,973.25,13328831,32.61521218
1/7/2003,972.75,1014.75,960.25,989.25,14621551,32.15596893
1/8/2003,988.75,1012.25,958.25,1007.75,11329011,31.1832986
1/9/2003,1008.25,1039,987.75,994,13465442,31.08896993
1/10/2003,995.5,1055.75,995,1049.5,15105271,30.43709993
1/11/2003,1047.25,1064.5,1030.25,1057.75,11876703,29.43263384
1/12/2003,1059,1111.5,1053,1109,9198088,28.78636657
1/1/2004,1111,1155,1103.5,1130,13685051,28.56262168
1/2/2004,1130.25,1158.75,1122,1144.5,11776047,27.39701823
1/3/2004,1144.25,1163.75,1084.75,1125,15548154,25.65772059
1/4/2004,1126.75,1154.5,1103.75,1106,14864126,24.77951306
1/5/2004,1105.25,1127.5,1075.25,1121.5,17031778,23.08199848
1/6/2004,1121.25,1146.25,1112.5,1140.5,10077484,22.79093348
1/7/2004,1140.75,1143.75,1077,1101,15397054,21.54400333
1/8/2004,1098,1109.75,1060,1104,12750232,20.63764926
1/9/2004,1105,1132.5,1098,1115,11319106,20.70779414
1/10/2004,1115,1143.75,1088,1130.25,14652112,20.31190298
1/11/2004,1127.5,1191.25,1126.25,1174,14132746,20.98009082
1/12/2004,1177.25,1219.75,1175,1213.75,11775754,21.35312516
1/1/2005,1213.5,1221.25,1164.25,1181.75,15016667,20.76541355
1/2/2005,1181.25,1214.75,1179.5,1204,12420055,20.77719256
1/3/2005,1204.5,1229.75,1166.75,1184,16361271,20.38766526
1/4/2005,1183.25,1195.75,1135.75,1158.5,19733743,19.61613825
1/5/2005,1157.75,1202,1146.75,1192.25,16993441,19.73638106
1/6/2005,1192.5,1225.25,1191.75,1195.5,15381032,19.97768975
1/7/2005,1195.75,1248.75,1170.75,1236.75,14509738,20.05530383
1/8/2005,1239.25,1248.5,1194,1221.5,17082918,19.803602
1/9/2005,1222.25,1251,1210.75,1234.25,17395369,19.41262547
1/10/2005,1235.25,1239,1171.75,1209.75,22539293,18.65360642
1/11/2005,1205.25,1273,1202.5,1251,16790809,19.29546082
1/12/2005,1253,1285,1251.25,1254.75,14576407,19.4992165
1/1/2006,1255.25,1301,1251.5,1283.5,18901141,19.34185606
1/2/2006,1278.25,1299.75,1255.75,1282.5,16693772,19.00942337
1/3/2006,1281.75,1321.5,1271.75,1307.5,18185118,18.91594673
1/4/2006,1307,1324.75,1286.5,1316,18242183,18.67066184
1/5/2006,1318.5,1331.25,1246.75,1272,25289434,18.21933734
1/6/2006,1273,1294,1229,1279.5,26823557,17.49601697
1/7/2006,1281.75,1290,1231,1281.75,22560501,17.35690005
1/8/2006,1282.25,1308.75,1262.5,1305.5,19107418,17.50194948
1/9/2006,1305,1350.5,1300.25,1345.5,19413930,17.81256955
1/10/2006,1345.75,1398,1336,1383.25,21743155,18.33260038
1/11/2006,1382.75,1411.25,1365.5,1403,23937004,18.48619437
1/12/2006,1402.5,1445,1387.5,1428.5,17734474,18.61380327
1/1/2007,1437.75,1447.25,1412.25,1443,20334239,18.45506396
1/2/2007,1443,1464.75,1389,1409,21847816,18.41931749
1/3/2007,1407.75,1451,1368.75,1431.25,34053058,17.59373142
1/4/2007,1431.75,1505,1425.75,1488.5,20591182,18.00976043
1/5/2007,1488,1538,1482.25,1533,26158809,18.32900967
1/6/2007,1534,1554.25,1492,1515.5,32692868,18.19854678
1/7/2007,1515.25,1566.25,1455,1462,34437824,18.23505455
1/8/2007,1462.5,1510.5,1374.5,1476.75,56121082,17.50261366
1/9/2007,1476,1552,1440.75,1538,32169842,18.06761363
1/10/2007,1540.5,1586.75,1492.5,1555,38110890,18.76554655
1/11/2007,1554,1555,1406.25,1483.75,46498817,18.05706182
1/12/2007,1484,1527,1445.75,1477.25,27286719,18.70527151
1/1/2008,1478.75,1482.75,1255.5,1379.5,52615250,17.82595047
1/2/2008,1374,1400,1312.75,1331.25,41076266,18.0115584
1/3/2008,1329.5,1361.5,1253,1324,48151434,17.97785634
1/4/2008,1322,1407,1315.75,1386,38086018,19.38646263
1/5/2008,1383,1441,1370.5,1400.5,38541830,20.59605346
1/6/2008,1400.75,1411,1272.75,1281,41605276,20.48432445
1/7/2008,1283.5,1294.75,1200.75,1267,54976871,20.11782184
1/8/2008,1267,1313.5,1246.25,1282.5,37215466,21.63388505
1/9/2008,1282,1303.5,1112,1169,64213038,21.56204331
1/10/2008,1167.5,1174,825,967.25,84303359,18.42068937
1/11/2008,965.75,1008.5,739,895.25,58151764,18.5393664
1/12/2008,897.5,919.25,813,900,44181153,20.67939602
1/1/2009,900,942.75,797.5,822.5,45733912,22.84900278
1/2/2009,823.75,873,729.5,734.25,49497682,24.12712226
1/3/2009,731.25,830.5,665.75,794.75,68903293,26.26317648
1/4/2009,790.5,887,779,870,49292549,34.40923859
1/5/2009,866,929.5,862.5,918,46060075,43.61273383
1/6/2009,920.25,957.5,884.25,915.5,48430598,54.51032579
1/7/2009,915.75,994,865.25,984.5,42272629,69.64624907
1/8/2009,982.75,1038.75,975.5,1019.75,38447739,91.22780208
1/9/2009,1021,1075.75,991,1053,46473969,106.5329906
1/10/2009,1053.5,1099,1012,1033,46352172,98.51582683
1/11/2009,1031.25,1112.25,1026,1094.75,36950754,81.07947617
1/12/2009,1092.75,1128.5,1085,1110.75,36257604,63.37308386
1/1/2010,1113.75,1148,1066.5,1070.5,40765093,50.39262068
1/2/2010,1070,1112.75,1040.75,1103.5,42985557,39.8666892
1/3/2010,1105.5,1176.5,1104.25,1165.25,46586003,35.17351639
1/4/2010,1167,1216.75,1165.75,1183.5,43563248,31.25083428
1/5/2010,1184.5,1202,1036.75,1088.5,64387578,25.64526712
1/6/2010,1088.5,1129.5,1023,1026.5,61196929,21.9372765
1/7/2010,1024.5,1118.75,1002.75,1098.25,44454082,19.65617035
1/8/2010,1104.5,1127.75,1037,1048.25,42196448,18.29634337
1/9/2010,1051.75,1153.5,1050.75,1136.75,46288782,17.87946386
1/10/2010,1135.75,1193,1127,1179.75,41921133,18.01687135
1/11/2010,1180.5,1224.75,1171,1179.5,45671164,17.8642723
1/12/2010,1177.75,1258.5,1176.25,1253,35271992,17.96020003
1/1/2011,1256,1299.5,1255.25,1282.5,38684231,18.02636818
1/2/2011,1282.5,1343,1281.25,1326,36325819,18.07140481
1/3/2011,1326.5,1336.5,1241.25,1321,60355967,17.32800248
1/4/2011,1321.25,1363.75,1290.5,1359.75,32705072,17.27998098
1/5/2011,1363.25,1373.5,1302.25,1344,43113506,17.02822001
1/6/2011,1344.75,1347.75,1252.25,1315.5,59121821,16.1683658
1/7/2011,1314.75,1354.5,1278.75,1288.5,43082979,16.41384748
1/8/2011,1306,1309.75,1077,1217.75,82692647,14.47349128
1/9/2011,1218,1228.5,1102,1126,71510519,14.16678204
1/10/2011,1123,1289.25,1068,1249.25,55043597,14.47909593
1/11/2011,1247.5,1275.25,1147.5,1246,51592799,14.61709724
1/12/2011,1243.75,1272,1195.5,1252.5,45774619,14.76286705
1/1/2012,1274.75,1329.75,1259.75,1308.25,34719812,15.28616894
1/2/2012,1307.75,1377.25,1303.75,1364.5,32504572,15.73809301
1/3/2012,1362.25,1419.75,1338.5,1403.25,44112893,15.96526431
1/4/2012,1407.25,1417.75,1352.5,1393.5,35955995,15.83347891
1/5/2012,1394.25,1411.5,1287.25,1309.25,47447183,15.30571172
1/6/2012,1306.25,1359.5,1262,1356.5,54868764,15.1110984
1/7/2012,1358.75,1387.5,1319.75,1374.5,38614086,15.55832978
1/8/2012,1372,1424.75,1349.25,1405,33376621,15.99688603
1/9/2012,1406.25,1468,1394.5,1434.25,38624308,16.42484685
1/10/2012,1432.75,1466,1393,1406.75,36912374,16.41680941
1/11/2012,1402,1431.75,1340.25,1414.5,39527688,16.04266517
1/12/2012,1413.25,1446,1382.25,1420,37359421,16.45008383
1/1/2013,1443,1506,1438.25,1493.25,30743279,17.11047763
1/2/2013,1496,1530,1481.75,1513.25,35953170,17.37308086
1/3/2013,1512.5,1564.5,1499.5,1562.75,43720872,17.7998035
1/4/2013,1563,1594.25,1530.75,1592.25,41242185,18.05185429
1/5/2013,1593.75,1685.75,1576,1629,41901286,18.79053485
1/6/2013,1629.5,1649,1553.25,1599.25,52795827,18.44507143
1/7/2013,1600.25,1695.5,1593.25,1680.5,29322816,18.90275249
1/8/2013,1685.5,1705,1624.75,1631.25,34906023,18.77323975
1/9/2013,1640.25,1726.75,1630.75,1674.25,39686173,18.80843396
1/10/2013,1678.5,1773.25,1640,1751,39069172,19.0473169
1/11/2013,1755.5,1812.5,1736.5,1804,28689203,19.56710961
1/12/2013,1806.25,1846.5,1754,1841,33980775,19.56517198
1/1/2014,1837.75,1845.75,1761.25,1776.5,33770016,19.39376097
1/2/2014,1777.5,1866.5,1732,1857.5,33264644,19.04534549
1/3/2014,1846,1887.5,1823.5,1864.5,42990072,19.21469755
1/4/2014,1864.5,1892.5,1803.25,1878,34460403,18.97994848
1/5/2014,1879.5,1922.25,1854.5,1921.5,27652812,19.00875467
1/6/2014,1921.25,1960,1913.75,1952.5,33268570,19.39200182
1/7/2014,1954.5,1985.75,1923.5,1924.75,33263386,19.50338948
1/8/2014,1926,2003.75,1890.25,2001.5,28019786,19.29032191
1/9/2014,1999,2014.5,1955.5,1965.5,40767551,19.48038749
1/10/2014,1961,2016.75,1813,2011.5,54465076,18.93291415
1/11/2014,2011.25,2075.25,1995.25,2066.25,22222882,20.04748466
1/12/2014,2063.25,2088.75,1961.5,2052.5,40607866,20.22440896
1/1/2015,2055,2067.25,1970.25,1988.5,38361825,20.03243228
1/2/2015,1990.5,2117.75,1973.75,2102.75,25643119,20.48423906
1/3/2015,2104,2115.5,2032.5,2060.75,38894229,20.38903188
1/4/2015,2058,2119.75,2033.5,2079,26800517,20.58550052
1/5/2015,2082.75,2134,2057,2106,24516390,20.80085664
1/6/2015,2107,2122,2046.75,2054.5,38989914,20.81729054
1/7/2015,2054.5,2126.25,2034.25,2098.5,32990142,21.02975837
1/8/2015,2098.75,2107,1831,1969.25,46324580,20.78683166
1/9/2015,1965.5,2011.75,1861,1908.75,48875261,20.12669904
1/10/2015,1902.5,2094.75,1883,2073.75,36264127,21.28394831
1/11/2015,2073,2110.25,1998.5,2079.75,28642986,22.26565186
1/12/2015,2085.5,2105,1983.25,2035.5,43248604,22.40445454
1/1/2016,2037.75,2043.5,1804.25,1930,47987342,21.19485885
1/2/2016,1929.75,1968.75,1802.5,1929.5,42532116,21.29283318
1/3/2016,1928,2064.5,1920.75,2051.5,44575792,22.762779
1/4/2016,2052.75,2105.25,2026,2059,34638608,23.47817986
1/5/2016,2060.75,2103.75,2022,2095,33049264,23.46289865
1/6/2016,2094,2119.75,1981.5,2090.25,48530262,23.75800472
1/7/2016,2086.5,2172.5,2065.75,2168.25,31172356,24.64936319
1/8/2016,2174,2191.5,2141.5,2169.5,33428699,24.93502208
1/9/2016,2169,2189.25,2100.25,2160.5,49671114,24.73072667
1/10/2016,2158.75,2164,2107.75,2120,32532206,24.46174149
1/11/2016,2123.5,2213.75,2028.5,2198.75,38249951,24.62066635
1/12/2016,2199.5,2273,2179,2236.25,36098076,25.35209226
1/1/2017,2240.75,2299.5,2239.5,2274.5,28662822,25.28827259
1/2/2017,2277,2370.75,2264.5,2362.75,26870682,25.52675363
1/3/2017,2364.5,2401,2317.75,2359.25,43205848,25.56733463
1/4/2017,2357.5,2394.75,2322.75,2380.5,27397350,25.05179118
1/5/2017,2381.5,2417.75,2344.5,2411,28105291,25.05142856
1/6/2017,2413.75,2451.5,2402.25,2421,40267639,25.06324483
1/7/2017,2422,2480.5,2405.25,2468,22213435,24.91195635
1/8/2017,2468,2488.5,2415.75,2470,32605352,24.52060502
1/9/2017,2470.25,2517.75,2445.5,2516,33418154,24.45943672
1/10/2017,2518,2580.75,2517,2572.75,24444346,24.82769103
1/11/2017,2572.75,2658.5,2555.5,2648,27662136,24.91824645
1/12/2017,2640.75,2698.25,2605,2676,30569395,25.36128466
1/1/2018,2675.25,2878.5,2674.5,2825.75,29153416,26.16824462
1/2/2018,2828.75,2837.25,2529,2714.5,42946357,25.02193182
1/3/2018,2718.25,2807.25,2586,2643,47397878,24.70177594
1/4/2018,2635,2718.5,2552,2647,35694309,23.91048063
1/5/2018,2646.25,2741.75,2591.25,2705.5,28914515,23.98043627
1/6/2018,2707.5,2796,2693.25,2721.5,35909940,24.12084841
1/7/2018,2721,2849.5,2698.5,2817,23294987,24.13130055
1/8/2018,2824.25,2917.5,2791,2902,25085846,24.30949613
1/9/2018,2906.5,2947,2865,2919,33286761,24.26438948
1/10/2018,2922.5,2944.75,2603,2711,37108752,22.90548992
1/11/2018,2706,2818,2626,2758.25,25570264,22.14226712
1/12/2018,2793.5,2814,2313,2505.25,40628018,20.64777348
1/1/2019,2508,2713,2438.5,2704.5,20909655,20.65982365
1/2/2019,2707.75,2814,2680.75,2784.75,13767936,21.48747007
1/3/2019,2785.25,2866,2726.5,2837.75,28332192,21.5334756
1/4/2019,2844.5,2956.5,2844.5,2948.5,23653657,22.00805897
1/5/2019,2955,2961.25,2750,2752.5,41470571,21.46461769
1/6/2019,2741,2969.25,2728.75,2944.25,36131435,21.63840885
1/7/2019,2970,3029.5,2955.5,2982.25,25053631,22.36061864
1/8/2019,2970.25,3014.25,2775.75,2924.75,44176755,21.61431751
1/9/2019,2901,3024.5,2889,2978.5,34947516,22.2491906
1/10/2019,2984,3055,2855,3035.75,27873685,22.17331973
1/11/2019,3036,3155,3033,3143.75,14195415,23.10894867
1/12/2019,3146.25,3254,3069.5,3231,24139990,23.60139908
1/1/2020,3237,3337.5,3181,3224,23237639,24.34207739
1/2/2020,3222.75,3397.5,2853.25,2951,26025576,24.49004133
1/3/2020,2900,3137,2174,2569.75,47069435,20.16633848
1/4/2020,2562,2965,2424.75,2902.5,37767922,21.55239877
1/5/2020,2871.5,3065.5,2760.25,3042,34937744,23.31818604
1/6/2020,3029.75,3231.25,2935,3090.25,52745487,25.36541829
1/7/2020,3085.25,3284.5,3062.75,3263.5,35067901,26.83740229
1/8/2020,3272,3524.5,3254.75,3499,26482837,29.20058688
1/9/2020,3493.25,3587,3198,3352,49569628,29.97049125
1/10/2020,3344.75,3541,3225,3264.75,32190503,31.66753968
1/11/2020,3260,3668,3243.25,3623.25,19625028,34.05686581
1/12/2020,3631,3753,3596,3748.75,25005843,36.48459957
1/1/2021,3748.75,3862.25,3652.5,3705.25,18981290,37.74138593
1/2/2021,3692.25,3959.25,3656.5,3809.25,16707228,38.28226489
1/3/2021,3817.25,3983.75,3720.5,3967.5,35050694,37.54153895
1/4/2021,3967.5,4211,3964.5,4174.5,27012169,38.13378387
1/5/2021,4181.5,4238.25,4029.25,4202.5,32157394,36.54196119
1/6/2021,4206.5,4294.25,4126.75,4288.5,32121231,35.11887543
1/7/2021,4294.25,4422.5,4224,4389.5,28368272,34.25416868
1/8/2021,4396.5,4542.25,4347.75,4520.5,24980287,33.12937351
1/9/2021,4527.75,4549.5,4293.75,4297.75,41398553,31.24947436
1/10/2021,4301,4603.5,4260,4597,29006252,29.40609519
1/11/2021,4608,4740.5,4557,4566.25,29153750,29.12871943
1/12/2021,4587.5,4799.75,4492,4758.5,44065456,27.81069505
1/1/2022,4771,4808.25,4212.75,4504.25,41424154,26.03926
1/2/2022,4493.25,4586,4101.75,4368,35855956,24.33325038
1/3/2022,4367.5,4631,4129.5,4530.75,42883951,23.28133578
1/4/2022,4541,4588.75,4118.75,4127.5,32288032,22.83059311
1/5/2022,4144,4303,3807.5,4131.25,42415220,20.58990832
1/6/2022,4138.5,4189,3639,3789.5,47926521,19.52464892
1/7/2022,3782,4144,3723.75,4133.5,34073710,19.58494323
1/8/2022,4137.5,4327.5,3953,3956.5,38653254,20.90339168
1/9/2022,3958,4175,3595.25,3601.5,59703761,19.4733983
1/10/2022,3593.25,3924.25,3502,3883,48094501,19.04908824
1/11/2022,3884,4093.5,3704.25,4081.25,35798562,20.38162092
1/12/2022,4094.5,4145,3788.5,3861,41532011,20.78918109
1/1/2023,3895,4109.25,3814.5,4090,33580806,21.24011778
1/2/2023,4085.75,4208.5,3947.5,3975.5,36116061,22.1035698
1/3/2023,3968.5,4142.5,3808.75,4137.75,55002180,21.72588174
1/4/2023,4127,4198.25,4068.75,4188.5,29227882,22.69061783
1/5/2023,4190,4243.25,4062.25,4190.5,35702820,22.97563698
1/6/2023,4188.5,4498,4178,4488.25,43725366,24.17920528
1/7/2023,4485.5,4634.5,4411.25,4614.5,27789080,25.18188184
1/8/2023,4617.75,4621.75,4350,4516,36378757,24.85269269
1/9/2023,4516.75,4566,4277,4325.5,39280850,24.51187427
1/10/2023,4349,4430.5,4122.25,4212.25,43911493,23.64095987
1/11/2023,4205,4597,4191.25,4576.75,31139790,24.58836183
1/12/2023,4571.75,4841.5,4548.75,4820,37732115,25.64595854
1/1/2024,4818,4957.25,4702,4870.5,32238700,26.03100363
1/2/2024,4874.5,5123.5,4872.5,5103.75,28712277,26.77198048
1/3/2024,5101.5,5322.75,5063,5308.5,38205518,27.33076434
1/4/2024,5314.25,5333.5,4963.5,5067,37765461,26.81632509
1/5/2024,5050,5368.25,5036.25,5295.5,29794208,27.3000046
