2020-01-07,550.4,551.6,546.2,548.3,4003
2020-01-08,549.5,556.3,546.0,553.4,5242
2020-01-09,553.8,564.5,553.6,559.7,6057
2020-01-10,562.5,568.6,556.9,561.8,7767
2020-01-13,565.7,566.2,559.0,561.8,5789
2020-01-14,562.8,573.0,559.7,567.4,5374
2020-01-15,569.3,578.5,568.7,577.8,6762
2020-01-16,573.1,573.1,560.2,564.2,6664
2020-01-17,565.8,571.9,564.4,570.9,5544
2020-01-21,572.4,582.0,567.1,580.5,7216
2020-01-22,581.2,591.4,574.1,577.2,8738
2020-01-23,577.1,582.0,574.8,577.0,6459
2020-01-24,580.2,580.5,568.9,571.1,6048
2020-01-27,567.1,570.7,559.5,568.8,8503
2020-01-28,572.1,575.4,564.7,568.5,7213
2020-01-29,570.1,572.1,560.4,561.7,5758
2020-01-30,561.4,561.7,550.2,557.8,6907
2020-01-31,560.4,564.3,553.8,556.1,6151
2020-02-03,550.3,553.4,545.8,552.2,7348
2020-02-04,552.6,562.4,552.3,555.4,6938
2020-02-05,557.1,561.5,553.8,557.4,6108
2020-02-06,561.3,563.4,554.0,554.8,6418
2020-02-07,555.5,560.7,551.6,558.0,5626
2020-02-10,556.8,559.6,550.6,552.9,6510
2020-02-11,550.5,551.6,541.7,541.7,6668
2020-02-12,541.5,548.6,539.4,546.8,6084
2020-02-13,547.9,550.0,540.9,541.9,5062
2020-02-14,544.6,548.5,542.7,543.7,4394
2020-02-18,547.8,567.7,547.1,567.4,8062
2020-02-19,561.6,564.0,551.7,561.2,5400
2020-02-20,562.7,565.2,556.9,559.1,4200
2020-02-21,559.5,568.0,553.3,554.3,4907
2020-02-24,549.9,549.9,532.6,534.7,4953
2020-02-25,536.6,539.7,528.7,536.8,4420
2020-02-26,536.9,540.0,533.1,533.9,4426
2020-02-27,535.3,535.3,526.4,527.7,4019
2020-02-28,525.2,526.8,512.7,522.6,5929
2020-03-02,520.7,527.8,516.3,521.2,7756
2020-03-03,523.0,533.8,520.6,527.1,6186
2020-03-04,525.8,525.8,517.2,520.9,4277
2020-03-05,519.6,523.6,514.3,519.0,4390
2020-03-06,517.5,520.6,510.3,514.4,5385
2020-03-09,509.0,522.1,505.5,520.1,8178
2020-03-10,518.9,524.4,513.6,521.3,7193
2020-03-11,521.0,524.1,511.4,511.8,5485
2020-03-12,509.6,510.1,496.8,504.8,8279
2020-03-13,504.8,513.0,498.8,504.8,8760
2020-03-16,502.5,506.9,491.7,497.9,7597
2020-03-17,496.6,506.2,494.4,498.8,7742
2020-03-18,500.0,511.6,494.4,506.2,8696
2020-03-19,509.1,540.1,509.1,534.0,12405
2020-03-20,533.9,545.9,532.6,539.5,12956
2020-03-23,538.8,561.9,536.6,560.2,15384
2020-03-24,558.8,560.9,548.5,559.1,12262
2020-03-25,557.9,580.4,555.5,576.5,14886
2020-03-26,572.8,579.4,562.0,565.7,13088
2020-03-27,566.0,581.2,560.8,569.3,14335
2020-03-30,567.8,576.1,559.3,566.0,12784
2020-03-31,565.7,572.1,560.8,565.8,12296
2020-04-01,565.2,569.9,545.5,550.1,10520
2020-04-02,549.3,552.2,536.8,542.2,10592
2020-04-03,541.0,554.1,541.0,549.2,9408
2020-04-06,548.2,559.0,548.0,553.0,8322
2020-04-07,551.8,553.1,543.2,548.5,8316
2020-04-08,549.0,553.3,544.5,548.9,7219
2020-04-09,548.7,558.5,546.2,558.4,8231
2020-04-13,559.9,564.0,552.4,554.7,7288
2020-04-14,554.6,556.6,545.7,548.4,6700
2020-04-15,547.3,549.0,530.6,540.1,8026
2020-04-16,539.2,544.1,528.2,528.3,7186
2020-04-17,528.5,535.6,524.5,534.8,6810
2020-04-20,535.3,561.2,535.1,546.4,9375
2020-04-21,550.7,555.1,541.2,546.7,9920
2020-04-22,547.2,548.6,537.2,543.3,8686
2020-04-23,542.5,551.5,538.6,546.2,8780
2020-04-24,547.4,549.1,527.8,531.5,8183
2020-04-27,531.0,531.6,520.2,522.5,5647
2020-04-28,525.8,530.2,519.2,525.8,5623
2020-04-29,525.4,525.5,510.7,516.4,5294
2020-04-30,516.5,525.9,507.3,524.4,5739
2020-05-01,523.4,523.4,514.6,515.9,5208
2020-05-04,510.6,521.5,506.0,521.3,5508
2020-05-05,518.4,522.6,512.3,519.5,4837
2020-05-06,520.1,521.5,513.3,516.5,4155
2020-05-07,517.4,526.9,516.4,521.0,5321
2020-05-08,518.8,524.8,517.0,522.9,3991
2020-05-11,523.4,527.5,516.3,516.6,4454
2020-05-12,517.5,518.0,507.7,513.9,4564
2020-05-13,513.1,513.3,500.0,501.0,3358
2020-05-14,500.2,505.5,496.5,501.9,4262
2020-05-15,502.5,507.8,497.3,499.6,4138
2020-05-18,501.6,502.3,493.7,497.3,3536
2020-05-19,497.1,501.2,496.2,498.6,3962
2020-05-20,499.7,517.4,496.0,514.9,6097
2020-05-21,515.0,523.6,512.0,515.6,5302
2020-05-22,515.1,515.8,503.4,508.8,5788
2020-05-26,505.5,512.7,505.0,508.2,6550
2020-05-27,508.2,511.9,501.7,505.2,4490
2020-05-28,505.5,519.0,504.3,514.7,6240
2020-05-29,514.0,522.7,512.3,522.0,6392
2020-06-01,520.6,521.1,512.1,515.9,6260
2020-06-02,516.9,517.4,507.8,510.1,6896
2020-06-03,510.1,516.3,507.7,512.8,5466
2020-06-04,513.2,529.7,512.8,525.7,6438
2020-06-05,528.0,528.6,514.5,516.8,5900
2020-06-08,518.5,519.1,510.5,513.5,7348
2020-06-09,513.6,515.9,503.2,506.1,4532
2020-06-10,506.9,511.4,504.9,509.1,4404
2020-06-11,510.5,511.2,500.7,501.9,5180
2020-06-12,501.8,507.0,498.1,503.7,4988
2020-06-15,502.4,507.5,500.0,506.5,4530
2020-06-16,508.2,509.6,494.2,498.2,5881
2020-06-17,497.3,498.1,490.1,491.2,4994
2020-06-18,490.7,494.5,483.1,485.8,5320
2020-06-19,485.6,487.9,479.0,483.5,4860
2020-06-22,482.7,488.4,480.1,488.2,3748
2020-06-23,486.7,491.2,481.9,488.9,5082
2020-06-24,489.7,490.6,482.8,483.1,3592
2020-06-25,481.8,490.5,481.8,486.1,4238
2020-06-26,486.9,488.2,470.0,474.7,5098
2020-06-29,474.3,489.6,474.2,485.7,5107
2020-06-30,484.5,497.4,479.9,491.4,8006
2020-07-01,491.0,499.2,488.6,498.2,5746
2020-07-02,497.5,498.7,487.7,491.4,4060
2020-07-06,493.5,495.7,487.0,492.8,4148
2020-07-07,492.7,499.1,489.0,495.0,3536
2020-07-08,494.9,517.1,493.9,516.8,4582
2020-07-09,516.5,531.2,515.3,524.1,7442
2020-07-10,523.1,538.9,520.8,534.8,8639
2020-07-13,528.4,535.0,522.1,523.9,6754
2020-07-14,524.0,533.3,522.4,526.9,5738
2020-07-15,527.2,551.3,526.6,551.1,6722
2020-07-16,549.5,551.3,533.8,535.6,3474
2020-07-17,535.7,540.0,530.8,535.6,5356
2020-07-20,535.0,535.4,517.5,522.0,4778
2020-07-21,521.1,531.9,518.8,527.7,4981
2020-07-22,526.8,539.3,524.3,534.5,5600
2020-07-23,534.7,536.5,527.6,530.6,4708
2020-07-24,531.1,544.3,530.6,540.8,6684
2020-07-27,538.9,539.2,527.5,527.8,5190
2020-07-28,527.1,530.7,520.6,524.9,4326
2020-07-29,525.1,534.2,524.7,534.0,4060
2020-07-30,533.5,535.7,526.3,530.2,5248
2020-07-31,530.0,536.6,529.9,532.8,3716
2020-08-03,528.2,530.2,519.5,522.7,5344
2020-08-04,522.5,523.0,510.4,510.6,4760
2020-08-05,511.0,515.1,508.4,512.4,4986
2020-08-06,512.4,516.8,503.2,504.9,5756
2020-08-07,504.1,506.1,493.5,498.8,4270
2020-08-10,497.9,500.1,493.9,494.7,4254
2020-08-11,494.1,502.2,494.1,498.6,4160
2020-08-12,498.3,501.2,492.0,494.6,6256
2020-08-13,493.3,504.8,493.2,499.9,6468
2020-08-14,499.0,511.8,498.0,504.6,6164
2020-08-17,505.5,522.4,504.8,521.5,5834
2020-08-18,521.4,522.1,508.5,513.3,6136
2020-08-19,512.5,519.6,511.4,517.2,5830
2020-08-20,517.3,525.3,511.6,524.6,6542
2020-08-21,524.6,532.1,519.9,531.3,6168
2020-08-24,532.4,537.8,521.1,524.4,5772
2020-08-25,527.9,538.9,525.4,532.6,6239
2020-08-26,532.3,537.7,528.8,537.2,5115
2020-08-27,537.0,549.4,536.0,549.2,6281
2020-08-28,548.7,552.8,544.8,545.7,5799
2020-08-31,545.7,557.6,545.7,549.2,6389
2020-09-01,547.5,566.2,546.1,563.9,7652
2020-09-02,562.5,563.0,552.1,555.9,5978
2020-09-03,555.7,558.2,548.1,551.3,5110
2020-09-04,551.4,553.7,544.5,548.9,4755
2020-09-08,546.9,549.0,540.8,543.0,6101
2020-09-09,541.6,547.7,540.0,542.4,4155
2020-09-10,541.5,555.3,541.5,547.5,6074
2020-09-11,547.6,550.9,538.5,541.6,6695
2020-09-14,541.3,547.3,539.8,546.6,4408
2020-09-15,546.1,546.6,533.6,537.9,3788
2020-09-16,536.3,542.7,533.2,542.0,4588
2020-09-17,541.9,557.1,537.3,556.7,7050
2020-09-18,555.7,577.5,555.6,577.1,8739
2020-09-21,576.4,578.3,550.7,553.9,8712
2020-09-22,555.0,567.2,550.7,559.2,8728
2020-09-23,559.5,560.8,548.1,548.8,6186
2020-09-24,549.1,554.6,541.6,551.7,6692
2020-09-25,552.6,552.9,544.4,544.7,6042
2020-09-28,545.3,552.3,538.7,550.5,5468
2020-09-29,550.2,553.9,546.9,549.9,5988
2020-09-30,549.7,587.3,548.0,578.8,14728
2020-10-01,575.4,584.1,569.2,570.5,9846
2020-10-02,568.8,577.3,562.2,574.1,7875
2020-10-05,575.2,588.4,574.1,585.4,9140
2020-10-06,585.1,602.2,580.7,591.3,10340
2020-10-07,590.7,611.6,589.6,608.5,12374
2020-10-08,608.9,616.7,594.0,596.4,13436
2020-10-09,594.4,606.8,589.6,593.1,16729
2020-10-12,593.7,599.8,587.9,597.3,11512
2020-10-13,596.9,604.4,591.5,595.1,9912
2020-10-14,595.3,600.9,588.1,597.9,8450
2020-10-15,597.5,619.3,597.5,619.2,12094
2020-10-16,618.5,629.4,615.0,623.8,13783
2020-10-19,628.8,634.8,619.3,625.6,11685
2020-10-20,625.7,637.0,622.9,633.1,11336
2020-10-21,633.9,637.1,628.8,629.5,11032
2020-10-22,627.6,631.9,621.5,621.7,10630
2020-10-23,622.1,634.8,619.7,633.7,10824
2020-10-26,631.9,632.5,615.7,619.3,11000
2020-10-27,618.4,625.8,614.1,614.8,9964
2020-10-28,612.6,613.1,600.5,609.6,11702
2020-10-29,609.2,610.1,597.9,603.1,11962
2020-10-30,601.8,606.9,595.7,599.3,10700
2020-11-02,594.5,609.0,591.7,602.5,9960
2020-11-03,606.7,615.5,604.4,607.2,9636
2020-11-04,608.7,611.4,598.8,606.2,12176
2020-11-05,608.1,627.0,608.1,609.4,12350
2020-11-06,610.7,617.6,606.3,606.8,11114
2020-11-09,607.0,610.7,599.4,604.3,12718
2020-11-10,600.7,616.9,598.8,616.4,12140
2020-11-11,613.3,617.8,600.9,601.2,11874
2020-11-12,602.4,603.4,594.2,596.5,9502
2020-11-13,592.1,601.2,585.8,599.9,9178
2020-11-16,600.2,601.6,591.0,599.3,9962
2020-11-17,603.7,607.2,598.6,599.6,8212
2020-11-18,600.9,609.1,597.6,603.7,9270
2020-11-19,604.1,605.7,596.0,597.8,7465
2020-11-20,595.7,602.7,594.6,600.5,7872
2020-11-23,601.0,608.5,600.4,602.5,5990
2020-11-24,603.8,613.2,597.6,613.0,7735
2020-11-25,617.6,621.1,596.4,600.3,9221
2020-11-27,594.1,605.9,594.1,604.6,3430
2020-11-30,605.9,607.4,584.5,586.5,7384
2020-12-01,584.2,587.3,572.3,577.6,7296
2020-12-02,576.0,590.7,573.5,585.0,7340
2020-12-03,586.5,589.5,578.3,582.3,5948
2020-12-04,582.7,583.7,573.8,577.3,4684
2020-12-07,573.9,578.8,564.7,578.6,6079
2020-12-08,573.6,576.5,569.7,570.9,6060
2020-12-09,569.4,582.0,566.8,581.0,4416
2020-12-10,586.3,599.0,583.3,590.5,8544
2020-12-11,597.3,618.5,589.6,617.3,8546
2020-12-14,619.1,621.5,595.7,598.0,8046
2020-12-15,596.0,605.3,594.0,602.3,7094
2020-12-16,601.3,607.2,589.8,594.5,6402
2020-12-17,598.8,607.2,598.3,605.5,5652
2020-12-18,610.6,614.0,604.6,606.1,6756
2020-12-21,609.9,614.8,596.4,609.8,11078
2020-12-22,614.6,619.2,603.0,615.8,8632
2020-12-23,614.2,633.2,610.2,631.0,9076
2020-12-24,629.3,633.2,623.2,626.6,7076
2020-12-28,613.3,614.1,606.9,611.6,2306
2020-12-29,613.8,622.8,611.2,618.8,7798
2020-12-30,618.6,641.9,613.9,640.5,10164
2020-12-31,638.6,643.4,632.0,638.3,9942
2021-01-04,641.1,649.4,633.7,636.3,17488
2021-01-05,640.9,663.3,638.9,659.2,15239
2021-01-06,651.8,659.9,646.0,648.4,15754
2021-01-07,647.0,648.0,638.1,638.7,11622
2021-01-08,644.3,649.2,634.0,641.4,12086
2021-01-11,639.3,651.3,629.2,635.1,11702
2021-01-12,635.8,669.2,634.3,662.9,13431
2021-01-13,664.4,680.1,656.2,663.3,16141
2021-01-14,659.6,673.1,653.3,671.6,11290
2021-01-15,670.8,692.7,664.8,671.1,15658
2021-01-19,681.0,690.7,670.3,670.5,13330
2021-01-20,675.3,676.1,656.7,670.2,16168
2021-01-21,666.4,674.0,658.9,661.9,11268
2021-01-22,658.4,658.6,634.0,637.4,16158
2021-01-25,632.6,650.1,625.8,649.4,19616
2021-01-26,648.7,666.4,641.3,663.2,17120
2021-01-27,663.6,671.0,652.1,655.7,15043
2021-01-28,653.5,664.0,643.6,654.1,17279
2021-01-29,645.7,662.0,643.2,660.2,16755
2021-02-01,664.9,669.9,645.9,649.0,14916
2021-02-02,654.8,656.7,640.9,643.9,12259
2021-02-03,645.3,650.3,627.1,647.8,12852
2021-02-04,647.9,651.4,635.2,636.7,12227
2021-02-05,635.6,649.1,634.0,644.8,9866
2021-02-08,646.1,659.1,644.9,657.1,11246
2021-02-09,659.9,661.5,641.9,648.3,16309
2021-02-10,651.9,652.8,629.9,633.7,13015
2021-02-11,639.5,647.8,635.0,637.7,13617
2021-02-12,636.5,645.8,635.0,642.2,11088
2021-02-16,650.1,658.6,642.9,656.4,13276
2021-02-17,661.2,661.9,641.1,641.7,9782
2021-02-18,645.5,667.5,644.2,660.6,10567
2021-02-19,666.0,670.8,651.8,655.3,11903
2021-02-22,657.4,667.7,654.4,666.4,9124
2021-02-23,668.1,670.2,660.0,665.1,11211
2021-02-24,668.8,687.1,667.5,682.1,10832
2021-02-25,681.1,684.2,664.7,672.4,12315
2021-02-26,672.4,673.1,660.0,660.3,11288
2021-03-01,661.8,665.5,647.7,648.6,8702
2021-03-02,651.7,667.9,644.7,664.0,9140
2021-03-03,664.0,665.0,650.1,654.1,6880
2021-03-04,653.5,661.3,646.8,654.1,8388
2021-03-05,651.2,659.0,646.5,658.8,8136
2021-03-08,659.0,662.2,639.3,646.8,10376
2021-03-09,646.0,657.2,645.5,655.9,8154
2021-03-10,655.9,656.3,641.0,649.2,8121
2021-03-11,651.5,655.4,638.7,641.5,6931
2021-03-12,642.7,645.2,637.2,637.6,6755
2021-03-15,637.4,646.7,635.3,642.9,7758
2021-03-16,645.2,646.7,630.9,645.2,7328
2021-03-17,645.5,648.2,638.1,638.1,7323
2021-03-18,639.1,639.2,627.8,627.8,6950
2021-03-19,628.4,634.2,620.7,625.4,8178
2021-03-22,626.3,628.8,619.6,626.8,8692
2021-03-23,626.8,642.0,619.4,633.2,10476
2021-03-24,633.2,636.5,622.4,623.0,9224
2021-03-25,623.4,624.0,607.9,609.9,9314
2021-03-26,609.8,617.5,607.1,613.5,8608
2021-03-29,613.6,615.9,606.0,614.8,8724
2021-03-30,614.3,614.6,599.6,599.8,7296
2021-03-31,601.1,630.3,592.7,617.4,13396
2021-04-01,620.6,624.3,601.0,607.6,17767
2021-04-05,609.0,623.2,607.1,616.1,10692
2021-04-06,619.0,624.9,612.6,614.5,10167
2021-04-07,614.1,619.4,609.1,616.2,8229
2021-04-08,617.1,631.1,616.0,629.5,10262
2021-04-09,629.3,645.2,627.4,638.9,13806
2021-04-12,638.2,639.2,624.0,629.2,11224
2021-04-13,630.9,638.5,629.6,632.3,10742
2021-04-14,632.6,656.5,632.2,648.7,12974
2021-04-15,649.0,657.9,639.7,653.3,13394
2021-04-16,653.4,659.9,648.8,653.7,10843
2021-04-19,655.0,661.4,651.7,652.2,10143
2021-04-20,651.9,679.0,650.6,659.9,13589
2021-04-21,663.1,678.8,659.5,674.4,14882
2021-04-22,674.7,714.1,673.2,709.9,18914
2021-04-23,709.7,714.2,700.9,713.5,21341
2021-04-26,716.5,745.3,715.2,737.4,23933
2021-04-27,736.0,769.9,726.6,733.0,36857
2021-04-28,732.6,741.4,711.7,719.8,29891
2021-04-29,720.2,734.1,713.6,729.9,20691
2021-04-30,730.4,737.6,719.0,736.4,17514
2021-05-03,741.7,754.2,714.2,721.3,24055
2021-05-04,722.5,733.6,717.0,726.9,18577
2021-05-05,728.1,747.0,719.3,744.9,15583
2021-05-06,746.8,756.8,732.8,755.9,19802
2021-05-07,754.6,768.0,746.3,763.8,22002
2021-05-10,756.1,760.7,727.6,729.0,19308
2021-05-11,729.1,749.4,723.3,744.0,15936
2021-05-12,745.0,751.3,724.4,729.7,21625
2021-05-13,732.2,733.8,690.5,704.7,25147
2021-05-14,706.0,724.0,699.4,707.3,25816
2021-05-17,703.9,706.9,691.6,701.3,20434
2021-05-18,702.7,717.6,692.0,697.6,17791
2021-05-19,698.3,698.8,671.1,682.6,20230
2021-05-20,682.7,687.7,672.2,676.0,15701
2021-05-21,676.1,677.3,666.0,672.6,16272
2021-05-24,667.0,668.7,653.7,663.2,14800
2021-05-25,664.9,667.6,648.0,657.7,19177
2021-05-26,657.3,657.3,640.2,650.0,19726
2021-05-27,649.5,680.3,648.7,675.0,19725
2021-05-28,677.6,679.1,662.3,664.9,19787
2021-06-01,674.9,703.0,673.4,692.6,25746
2021-06-02,691.9,702.8,683.1,688.1,22884
2021-06-03,691.5,700.8,671.2,678.5,22769
2021-06-04,680.4,691.9,678.1,686.8,18016
2021-06-07,695.7,706.0,682.1,683.6,24557
2021-06-08,685.7,701.7,683.6,689.5,24063
2021-06-09,689.3,689.5,676.9,684.3,20728
2021-06-10,686.8,691.8,676.5,685.8,25258
2021-06-11,686.5,691.4,673.1,683.2,23055
2021-06-14,682.7,682.8,660.3,676.2,24900
2021-06-15,677.3,679.1,652.5,663.3,22020
2021-06-16,666.1,674.6,661.6,666.3,21049
2021-06-17,665.4,668.7,639.1,642.2,27998
2021-06-18,642.4,670.5,641.6,663.9,32960
2021-06-21,655.8,675.1,648.4,665.6,21974
2021-06-22,670.0,675.7,654.1,655.0,18923
2021-06-23,657.0,671.3,656.4,663.8,14333
2021-06-24,660.6,662.1,643.9,650.9,17108
2021-06-25,650.2,657.4,636.7,637.2,16801
2021-06-28,640.3,659.2,639.0,649.2,14923
2021-06-29,656.2,663.4,644.4,645.3,18605
2021-06-30,645.1,680.8,632.6,680.3,22283
2021-07-01,677.7,694.0,665.1,666.6,26927
2021-07-02,666.7,673.0,648.8,651.9,16370
2021-07-06,652.2,652.2,617.5,624.5,8378
2021-07-07,623.5,635.4,618.8,624.4,19110
2021-07-08,624.7,628.7,617.9,620.1,14944
2021-07-09,619.9,622.0,611.0,616.0,13808
2021-07-12,616.1,646.7,612.3,641.6,19938
2021-07-13,640.4,646.4,632.3,637.4,18276
2021-07-14,637.8,659.4,634.5,656.7,16645
2021-07-15,655.6,675.1,653.4,673.8,15228
2021-07-16,673.0,697.9,672.6,695.7,17944
2021-07-19,705.6,711.2,697.3,702.5,22563
2021-07-20,703.0,720.8,701.2,704.5,20604
2021-07-21,704.4,715.0,703.1,714.0,18728
2021-07-22,711.7,712.3,685.6,695.7,20139
2021-07-23,691.8,700.3,681.3,682.7,18558
2021-07-26,687.3,688.0,669.5,680.9,16987
2021-07-27,685.8,694.4,676.4,678.7,17251
2021-07-28,679.6,700.6,678.4,694.9,14878
2021-07-29,693.6,710.7,693.1,709.2,12310
2021-07-30,709.1,715.4,699.1,708.1,13972
2021-08-02,710.4,737.1,709.7,736.3,18951
2021-08-03,731.9,740.4,724.2,730.4,18916
2021-08-04,730.9,744.4,721.4,723.4,17158
2021-08-05,722.1,732.2,717.5,720.8,15218
2021-08-06,720.9,732.8,717.2,728.4,15065
2021-08-09,729.7,733.0,718.0,720.8,14672
2021-08-10,720.1,738.4,717.9,736.3,13203
2021-08-11,734.9,740.9,728.0,733.0,16375
2021-08-12,732.0,769.6,731.5,759.3,24168
2021-08-13,758.5,783.3,756.0,771.1,23260
2021-08-16,771.6,781.2,769.0,772.8,18079
2021-08-17,772.6,775.4,743.1,745.2,14457
2021-08-18,745.1,751.9,732.8,747.1,13412
2021-08-19,748.0,748.0,728.3,739.8,15031
2021-08-20,739.4,745.4,721.3,726.3,15166
2021-08-23,724.8,743.6,722.4,733.1,12023
2021-08-24,735.1,736.0,723.5,731.1,12134
2021-08-25,731.1,732.8,717.4,725.7,10993
2021-08-26,725.2,740.2,722.6,740.0,11062
2021-08-27,741.1,744.3,731.3,732.2,10543
2021-08-30,736.8,743.3,722.4,723.2,11130
2021-08-31,723.8,725.7,707.3,724.5,15020
2021-09-01,723.7,729.6,709.4,713.9,12142
2021-09-02,715.2,721.5,706.1,717.5,10180
2021-09-03,717.7,727.5,712.8,726.9,9453
2021-09-07,725.5,734.1,715.1,721.1,10751
2021-09-08,720.9,724.8,708.5,711.1,9804
2021-09-09,711.4,712.2,692.6,693.7,10978
2021-09-10,693.1,696.8,679.2,689.4,14696
2021-09-13,689.8,690.6,680.6,688.2,8968
2021-09-14,686.9,703.0,686.9,701.8,9404
2021-09-15,700.4,716.6,697.7,713.9,10942
2021-09-16,713.9,718.7,707.2,715.3,9977
2021-09-17,715.5,717.9,708.7,709.2,8746
2021-09-20,710.5,712.8,698.3,703.1,9995
2021-09-21,702.9,703.6,688.7,692.2,10288
2021-09-22,691.7,709.4,690.7,708.5,9538
2021-09-23,711.4,722.3,706.7,721.7,10322
2021-09-24,721.4,728.5,714.5,726.1,8799
2021-09-27,726.7,731.9,724.2,726.2,9015
2021-09-28,725.6,730.4,710.0,712.5,10394
2021-09-29,713.1,721.5,712.1,715.2,8552
2021-09-30,714.8,735.8,708.1,729.0,15142
2021-10-01,729.0,761.8,726.3,761.5,13689
2021-10-04,758.6,767.6,752.8,761.2,10235
2021-10-05,761.1,761.7,748.8,750.2,9700
2021-10-06,750.3,761.8,747.4,749.7,10172
2021-10-07,750.4,757.6,745.1,746.5,9504
2021-10-08,745.3,752.0,737.4,739.0,9380
2021-10-11,739.7,745.3,737.2,738.4,7580
2021-10-12,737.9,749.8,726.2,741.9,12072
2021-10-13,742.1,744.1,719.0,723.8,12002
2021-10-14,724.9,735.4,724.6,730.2,10124
2021-10-15,730.3,746.6,728.4,740.1,9190
2021-10-18,740.9,745.4,735.1,742.9,8622
2021-10-19,742.9,751.8,741.9,745.2,8486
2021-10-20,743.6,756.5,743.3,756.2,8508
2021-10-21,756.6,759.1,745.2,748.7,8892
2021-10-22,751.1,765.6,750.8,764.5,10184
2021-10-25,765.0,773.1,760.2,767.7,9900
2021-10-26,769.7,772.7,755.2,758.1,10861
2021-10-27,758.3,770.7,753.2,768.9,12546
2021-10-28,767.8,788.0,759.9,782.1,12965
2021-10-29,781.5,788.0,772.0,781.2,11754
2021-11-01,784.1,808.3,776.7,806.3,13577
2021-11-02,806.2,814.6,798.3,798.4,12626
2021-11-03,796.3,805.0,786.3,789.1,10023
2021-11-04,790.2,802.6,781.0,783.4,11312
2021-11-05,784.2,790.8,775.5,777.2,10583
2021-11-08,776.8,783.1,772.7,781.2,8596
2021-11-09,778.3,789.1,773.9,786.4,11777
2021-11-10,792.3,809.4,788.2,808.8,12275
2021-11-11,811.8,833.6,808.2,818.3,13998
2021-11-12,823.7,835.5,814.9,831.2,13522
2021-11-15,828.7,838.4,822.5,829.8,15144
2021-11-16,835.5,835.8,819.1,821.2,10590
2021-11-17,820.5,842.3,819.1,831.7,12148
2021-11-18,832.8,852.7,829.2,833.0,14663
2021-11-19,830.8,839.9,822.6,830.6,11159
2021-11-22,837.0,858.4,837.0,857.9,11186
2021-11-23,856.5,865.1,848.7,863.8,10719
2021-11-24,865.9,874.1,846.4,854.6,12959
2021-11-26,831.3,844.7,822.9,844.2,7610
2021-11-29,853.6,854.9,818.7,821.7,12249
2021-11-30,823.1,823.4,782.5,785.5,16487
2021-12-01,790.8,799.0,785.5,789.4,12537
2021-12-02,789.9,820.3,789.6,818.3,12907
2021-12-03,817.7,822.5,796.7,802.4,12289
2021-12-06,811.9,812.1,789.8,805.3,10112
2021-12-07,807.4,813.4,798.0,808.5,9471
2021-12-08,810.0,812.4,791.4,791.7,9204
2021-12-09,795.5,795.8,771.2,778.5,11400
2021-12-10,778.1,788.2,768.3,784.1,9468
2021-12-13,784.0,794.4,776.4,791.4,8438
2021-12-14,789.3,792.8,778.6,788.0,8706
2021-12-15,786.8,787.4,752.1,759.0,10486
2021-12-16,758.3,770.2,752.1,769.1,9820
2021-12-17,770.2,780.7,766.0,776.0,10791
2021-12-20,778.4,778.9,758.4,775.1,9974
2021-12-21,778.7,798.3,772.7,797.1,11309
2021-12-22,793.6,816.2,793.6,815.9,10561
2021-12-23,812.5,821.1,808.8,814.8,9289
2021-12-27,817.1,824.7,805.3,805.6,10756
2021-12-28,804.2,809.0,783.8,785.2,10693
2021-12-29,786.3,794.5,775.8,790.3,11602
2021-12-30,790.1,792.9,776.8,778.9,9830
2021-12-31,782.1,788.7,770.4,771.6,9260
2022-01-03,777.5,783.4,754.3,759.4,11875
2022-01-04,760.0,769.7,757.3,768.7,11853
2022-01-05,772.3,772.7,757.4,763.1,9710
2022-01-06,762.2,762.6,737.8,746.0,11707
2022-01-07,748.6,757.1,736.7,756.1,11035
2022-01-10,761.6,767.5,748.9,763.9,11117
2022-01-11,762.5,771.3,758.7,770.1,9855
2022-01-12,769.2,771.0,754.7,762.5,11311
2022-01-13,758.2,758.3,741.9,745.2,11284
2022-01-14,747.4,748.5,738.7,744.6,9453
2022-01-18,743.2,768.1,743.0,767.8,11382
2022-01-19,773.4,797.0,770.0,795.8,13201
2022-01-20,795.2,803.7,785.5,790.6,13866
2022-01-21,786.3,792.6,780.7,788.5,11220
2022-01-24,796.8,800.2,778.7,799.5,13690
2022-01-25,802.5,832.6,802.5,823.4,15603
2022-01-26,817.5,817.9,790.8,797.3,16037
2022-01-27,794.9,798.7,777.7,781.0,14306
2022-01-28,779.8,795.9,778.1,789.7,14037
2022-01-31,798.3,801.8,760.5,763.2,14721
2022-02-01,765.3,779.6,763.7,771.5,14502
2022-02-02,772.6,781.1,753.2,756.4,16642
2022-02-03,759.6,760.8,744.8,752.5,12808
2022-02-04,758.2,771.4,753.4,768.9,11921
2022-02-07,780.9,781.5,765.8,772.7,12610
2022-02-08,775.2,785.5,759.2,783.7,12991
2022-02-09,782.6,792.0,775.0,786.9,14617
2022-02-10,787.7,806.4,779.4,780.4,19896
2022-02-11,775.6,795.8,770.6,792.0,14929
2022-02-14,808.0,818.8,786.3,792.8,17901
2022-02-15,804.3,804.5,778.7,784.4,15259
2022-02-16,785.5,791.9,778.8,789.1,10486
2022-02-17,783.8,803.8,780.6,802.6,13924
2022-02-18,803.6,817.8,796.0,816.5,12344
2022-02-22,823.9,845.4,810.3,843.9,21293
2022-02-23,845.7,885.1,842.3,884.4,23423
2022-02-24,890.0,934.5,884.7,931.5,14243
2022-02-25,929.6,960.1,859.1,863.9,31988
2022-02-28,927.3,933.8,885.1,929.7,34453
2022-03-01,934.8,982.1,930.8,981.0,13385
2022-03-02,1007.8,1056.3,982.5,1053.9,23419
2022-03-03,1072.0,1131.8,1070.2,1131.8,23057
2022-03-08,1298.6,1328.7,1175.7,1176.1,54357
2022-03-09,1257.9,1262.1,1181.7,1182.9,31412
2022-03-10,1129.8,1199.2,1066.8,1085.5,39609
2022-03-11,1068.3,1115.9,1034.3,1097.2,28210
2022-03-14,1120.2,1137.0,1056.6,1083.9,29604
2022-03-15,1087.4,1151.6,1078.7,1148.2,25142
2022-03-16,1143.2,1145.4,1061.8,1063.0,16628
2022-03-17,1039.0,1099.0,1025.0,1084.1,29282
2022-03-18,1086.4,1098.2,1048.5,1052.7,18313
2022-03-21,1066.2,1137.9,1052.9,1105.5,24353
2022-03-22,1105.1,1156.1,1093.8,1111.6,23774
2022-03-23,1105.8,1130.0,1094.1,1097.3,18324
2022-03-24,1099.2,1108.1,1074.1,1080.1,20132
2022-03-25,1080.2,1103.5,1062.3,1094.5,21725
2022-03-28,1084.8,1084.9,1042.5,1047.0,25979
2022-03-29,1045.0,1063.5,969.3,1009.2,39350
2022-03-30,1010.6,1038.6,998.0,1027.4,28604
2022-03-31,1034.4,1068.2,1001.1,1004.0,28462
2022-04-01,1005.6,1028.6,981.9,982.3,25283
2022-04-04,989.3,1013.9,984.1,1010.7,20178
2022-04-05,1023.0,1072.3,1023.0,1048.5,28567
2022-04-06,1047.9,1055.6,1024.0,1040.9,23524
2022-04-07,1042.0,1045.9,1021.5,1024.0,20776
2022-04-08,1024.1,1057.4,1020.3,1053.9,25126
2022-04-11,1061.0,1094.9,1059.0,1086.4,29683
2022-04-12,1082.2,1122.9,1079.8,1108.4,30983
2022-04-13,1108.4,1129.5,1084.6,1119.0,28093
2022-04-14,1116.2,1133.3,1100.3,1101.9,24285
2022-04-18,1113.7,1141.6,1109.0,1126.7,20388
2022-04-19,1130.3,1141.9,1104.5,1104.5,21986
2022-04-20,1105.7,1116.7,1073.8,1100.6,23606
2022-04-21,1096.8,1097.5,1060.6,1075.1,19182
2022-04-22,1078.2,1084.0,1059.3,1072.8,22189
2022-04-25,1081.5,1088.6,1055.6,1072.2,16742
2022-04-26,1081.6,1106.4,1076.5,1095.1,17055
2022-04-27,1092.6,1097.0,1077.9,1090.6,15393
2022-04-28,1090.1,1106.0,1080.6,1083.4,14272
2022-04-29,1083.0,1101.7,1054.1,1054.9,22297
2022-05-02,1048.9,1071.2,1034.2,1053.1,21668
2022-05-03,1053.8,1068.8,1044.1,1047.0,17937
2022-05-04,1046.6,1088.4,1042.4,1075.7,23288
2022-05-05,1078.2,1121.2,1076.6,1103.0,25564
2022-05-06,1101.2,1127.4,1087.8,1108.8,26496
2022-05-09,1119.1,1134.3,1090.0,1090.7,26006
2022-05-10,1084.1,1107.0,1083.8,1096.0,21616
2022-05-11,1095.0,1126.9,1094.8,1115.1,20976
2022-05-12,1113.8,1185.2,1103.7,1170.2,29699
2022-05-13,1172.8,1198.7,1159.3,1180.7,27717
2022-05-16,1239.8,1248.4,1222.3,1248.4,22617
2022-05-17,1269.9,1283.7,1201.6,1279.7,41536
2022-05-18,1274.6,1279.8,1212.3,1230.0,34158
2022-05-19,1228.1,1247.9,1195.3,1204.1,29090
2022-05-20,1208.2,1208.2,1170.1,1171.7,23627
2022-05-23,1183.7,1198.5,1176.8,1196.2,22601
2022-05-24,1199.7,1211.6,1141.6,1157.7,29330
2022-05-25,1157.8,1161.8,1118.1,1153.2,29434
2022-05-26,1139.2,1163.9,1118.9,1145.9,24958
2022-05-27,1143.3,1174.1,1137.4,1160.9,21214
2022-05-31,1159.1,1159.1,1091.8,1093.0,24934
2022-06-01,1094.9,1102.3,1033.3,1047.1,32823
2022-06-06,1068.6,1115.5,1067.4,1104.4,28620
2022-06-07,1101.7,1108.1,1066.7,1082.7,27347
2022-06-08,1079.0,1097.3,1071.3,1084.5,25697
2022-06-09,1088.7,1091.3,1053.6,1082.0,26353
2022-06-10,1081.2,1090.9,1063.0,1082.4,21477
2022-06-13,1086.2,1103.6,1064.9,1077.9,25865
2022-06-14,1082.7,1084.4,1058.3,1061.2,22531
2022-06-15,1064.4,1069.9,1048.2,1060.2,21904
2022-06-16,1060.9,1094.1,1057.4,1089.7,23131
2022-06-17,1089.7,1093.6,1040.5,1042.5,27087
2022-06-21,1039.7,1041.1,984.0,986.8,34165
2022-06-22,991.4,1017.2,970.6,984.3,31700
2022-06-23,983.6,985.6,945.5,949.7,31311
2022-06-24,946.8,972.0,933.5,935.2,28718
2022-06-27,933.8,951.8,913.4,918.0,20970
2022-06-28,921.4,949.7,921.0,933.5,18645
2022-06-29,937.9,955.0,929.4,931.7,18081
2022-06-30,928.9,939.9,881.7,890.9,31022
2022-07-01,892.2,896.8,841.7,841.7,31602
2022-07-05,842.7,842.8,806.5,806.9,22185
2022-07-06,810.0,836.6,787.7,808.5,35899
2022-07-07,811.7,847.6,810.7,840.5,33854
2022-07-08,843.4,897.0,843.4,895.8,30817
2022-07-11,930.4,943.0,857.3,858.8,30983
2022-07-12,855.0,872.9,813.4,815.0,35729
2022-07-13,815.9,844.1,811.1,818.3,31965
2022-07-14,818.0,833.7,797.1,800.2,30850
2022-07-15,802.9,809.8,770.9,785.0,27684
2022-07-18,792.9,830.3,783.8,813.0,26499
2022-07-19,812.5,827.6,797.8,817.1,29109
2022-07-20,812.8,848.6,806.6,828.8,25444
2022-07-21,824.2,839.0,801.4,814.5,28960
2022-07-22,808.6,813.0,761.8,762.0,35745
2022-07-25,798.2,798.7,768.4,777.6,29360
2022-07-26,783.7,813.8,780.9,813.3,27192
2022-07-27,815.5,826.8,790.9,798.2,27864
2022-07-28,797.2,832.8,797.2,825.5,25215
2022-07-29,824.8,854.6,810.3,821.3,33477
2022-08-01,820.5,829.7,791.8,809.8,31132
2022-08-02,800.9,804.0,783.4,785.0,27364
2022-08-03,785.9,801.1,763.6,777.8,29598
2022-08-04,777.0,800.9,770.1,793.5,27424
2022-08-05,794.9,808.6,781.6,788.2,25086
2022-08-08,788.0,805.9,773.7,794.7,26302
2022-08-09,800.1,814.8,786.2,794.2,23268
2022-08-10,795.7,819.4,792.9,814.7,23950
2022-08-11,812.0,831.3,805.9,822.1,23265
2022-08-12,818.9,820.5,793.8,816.0,29183
2022-08-15,814.7,817.2,791.4,811.8,24986
2022-08-16,812.0,823.5,795.6,799.0,23850
2022-08-17,798.8,810.6,773.7,777.3,25188
2022-08-18,778.3,780.0,740.2,745.1,31180
2022-08-19,748.4,771.0,742.5,769.0,23417
2022-08-22,766.0,789.5,760.4,784.2,25032
2022-08-23,783.5,818.0,783.5,799.0,29859
2022-08-24,800.0,816.2,791.0,812.5,30433
2022-08-25,810.4,820.3,784.7,785.4,29827
2022-08-26,783.2,811.5,782.3,810.0,26469
2022-08-29,810.3,848.8,794.2,842.0,25934
2022-08-30,840.1,846.1,816.7,820.0,23441
2022-08-31,820.7,839.2,806.8,833.2,25974
2022-09-01,827.5,835.4,791.7,796.9,25129
2022-09-02,798.5,820.2,796.6,809.8,17995
2022-09-06,813.6,826.0,802.7,820.9,21677
2022-09-07,817.4,874.6,810.6,842.6,31887
2022-09-08,840.5,858.2,819.6,833.5,25016
2022-09-09,830.0,874.3,827.5,872.7,21145
2022-09-12,866.8,879.8,851.0,860.2,31036
2022-09-13,858.7,878.3,853.0,862.5,28295
2022-09-14,868.5,877.0,852.4,875.4,23429
2022-09-15,875.9,886.5,846.4,847.1,26606
2022-09-16,850.8,869.2,833.7,861.5,26903
2022-09-19,860.4,863.9,823.7,831.8,20142
2022-09-20,831.6,899.7,830.4,893.9,26847
2022-09-21,889.8,922.5,876.5,904.1,41265
2022-09-22,901.1,925.2,893.9,911.2,34751
2022-09-23,911.0,915.9,879.4,879.6,29837
2022-09-26,884.4,894.4,858.2,861.5,30433
2022-09-27,862.1,898.2,862.1,874.4,28343
2022-09-28,876.8,908.9,865.9,907.0,33820
2022-09-29,905.4,918.0,892.0,899.4,30208
2022-09-30,901.9,948.5,897.1,925.3,37488
2022-10-03,925.3,942.3,912.8,915.9,27597
2022-10-04,917.8,931.7,903.0,909.2,25902
2022-10-05,908.1,924.6,900.2,909.4,23052
2022-10-06,912.7,912.7,879.4,888.8,20388
2022-10-07,889.5,902.6,878.8,889.5,20966
2022-10-10,901.4,955.2,897.8,940.2,32629
2022-10-11,941.6,942.9,905.5,908.4,27655
2022-10-12,909.7,911.2,885.0,891.8,25987
2022-10-13,892.1,914.1,871.7,899.1,30377
2022-10-14,899.6,906.7,866.2,869.6,23553
2022-10-17,869.1,886.6,865.5,868.5,22699
2022-10-18,872.3,875.4,842.8,860.5,21488
2022-10-19,859.7,872.2,845.9,851.4,22897
2022-10-20,853.4,865.6,847.3,861.2,20192
2022-10-21,861.3,873.3,844.2,859.0,21162
2022-10-24,865.4,867.6,845.7,849.8,20261
2022-10-25,854.1,856.6,839.4,845.0,19796
2022-10-26,849.5,858.1,836.5,854.3,18179
2022-10-27,855.0,869.5,846.1,851.3,19174
2022-10-28,852.2,852.9,835.6,843.1,15842
2022-10-31,900.6,904.3,866.6,890.2,33888
2022-11-01,889.5,915.6,880.3,910.2,28110
2022-11-02,910.4,914.0,851.3,858.5,28156
2022-11-03,858.0,862.7,841.9,853.7,19465
2022-11-04,856.7,868.8,848.1,861.2,18830
2022-11-07,864.1,876.7,848.6,861.6,19207
2022-11-08,863.1,868.6,840.0,843.8,17568
2022-11-09,846.1,849.7,822.4,822.5,22263
2022-11-10,825.6,832.9,812.8,820.1,22668
2022-11-11,820.5,835.7,817.2,830.8,20914
2022-11-14,834.7,845.0,822.6,834.7,19186
2022-11-15,835.3,858.9,817.0,844.8,25568
2022-11-16,842.2,843.7,819.8,833.0,18115
2022-11-17,832.1,832.8,812.3,822.0,18559
2022-11-18,823.2,832.1,816.7,818.7,15616
2022-11-21,820.2,825.4,803.0,816.3,17681
2022-11-22,816.3,823.5,808.0,810.3,16909
2022-11-23,811.8,815.7,799.2,811.8,18269
2022-11-25,814.2,819.4,791.9,791.9,8982
2022-11-28,793.4,795.2,773.4,780.6,16575
2022-11-29,780.1,791.8,777.5,782.8,15657
2022-11-30,781.9,799.2,781.4,794.5,15576
2022-12-01,795.6,795.8,780.9,782.0,15719
2022-12-02,782.0,783.0,756.3,760.6,16685
2022-12-05,763.5,768.5,734.9,740.6,16095
2022-12-06,741.8,743.9,724.6,731.6,18289
2022-12-07,733.4,756.9,727.0,750.3,16611
2022-12-08,750.6,756.4,738.3,748.6,16606
2022-12-09,751.2,753.3,731.8,733.9,17294
2022-12-12,742.6,761.2,739.7,756.3,16847
2022-12-13,759.2,770.3,751.4,751.6,17094
2022-12-14,752.6,753.3,739.3,751.2,16553
2022-12-15,749.9,768.5,746.7,759.4,13628
2022-12-16,757.7,765.4,752.5,759.1,15639
2022-12-19,757.6,761.3,740.4,750.3,14346
2022-12-20,750.0,762.9,746.5,751.3,13504
2022-12-21,751.1,775.9,750.9,769.1,14051
2022-12-22,768.5,778.3,760.0,763.0,12135
2022-12-23,762.7,779.5,761.2,774.8,10774
2022-12-27,783.3,786.1,770.9,778.8,9611
2022-12-28,778.1,789.6,772.8,787.7,11830
2022-12-29,785.4,788.5,767.6,776.9,11436
2022-12-30,776.9,800.7,773.6,793.0,13136
2023-01-03,789.1,796.6,772.3,782.2,11490
2023-01-04,782.5,782.5,747.5,748.9,15420
2023-01-05,749.0,755.0,739.4,749.7,13662
2023-01-06,751.1,759.8,745.9,746.1,12610
2023-01-09,750.9,761.0,744.1,745.3,12848
2023-01-10,743.8,746.4,724.6,732.5,17225
2023-01-11,732.9,745.7,728.5,742.6,12713
2023-01-12,742.6,750.9,727.3,747.5,19402
2023-01-13,747.2,752.0,741.4,747.2,12831
2023-01-17,747.3,759.4,733.3,752.2,14072
2023-01-18,752.5,763.9,744.4,745.4,14026
2023-01-19,746.0,752.5,738.2,738.3,12300
2023-01-20,740.5,747.1,732.6,746.9,10942
2023-01-23,743.3,744.7,717.4,726.1,12362
2023-01-24,725.7,743.3,724.1,738.2,12190
2023-01-25,740.6,750.6,740.0,744.3,11314
2023-01-26,745.9,762.8,742.9,757.1,12405
2023-01-27,756.7,758.7,750.1,754.7,11565
2023-01-30,758.6,768.0,750.1,758.5,13256
2023-01-31,758.9,772.5,748.8,767.8,14670
2023-02-01,766.9,768.7,752.3,765.7,13710
2023-02-02,764.8,778.0,758.4,767.6,15982
2023-02-03,767.5,784.3,759.1,765.3,16053
2023-02-06,767.0,774.7,754.3,758.3,15182
2023-02-07,758.1,765.3,753.6,759.0,13414
2023-02-08,758.6,773.9,756.8,773.1,15823
2023-02-09,772.0,777.7,763.7,764.0,14846
2023-02-10,764.2,797.7,763.4,796.5,18459
2023-02-13,797.6,803.1,784.5,797.6,14787
2023-02-14,797.3,806.1,792.5,793.7,13153
2023-02-15,794.1,796.6,776.6,778.0,11142
2023-02-16,777.0,781.1,772.0,774.9,10303
2023-02-17,775.5,780.4,770.0,774.6,8501
2023-02-21,777.0,783.5,761.0,762.2,11359
2023-02-22,762.4,765.6,746.1,749.4,10108
2023-02-23,748.9,758.0,746.7,750.9,9286
2023-02-24,751.8,753.0,717.0,718.8,10118
2023-02-27,720.4,723.6,705.6,709.6,10326
2023-02-28,710.4,715.0,702.8,706.8,12648
2023-03-01,708.2,714.6,702.0,712.0,13203
2023-03-02,713.3,722.1,708.9,712.6,13422
2023-03-03,715.3,715.9,706.9,709.3,11036
2023-03-06,711.4,711.4,694.6,696.8,10830
2023-03-07,698.2,704.6,690.8,697.9,11219
2023-03-08,699.5,700.6,685.5,688.9,12546
2023-03-09,689.8,693.2,666.4,667.9,14893
2023-03-10,668.6,685.5,663.2,685.1,14354
2023-03-13,685.7,698.4,669.8,686.6,16775
2023-03-14,686.2,702.3,680.1,698.4,14466
2023-03-15,700.5,708.6,696.0,704.3,15759
2023-03-16,705.5,705.7,694.8,701.5,12537
2023-03-17,701.2,715.5,701.0,712.1,14236
2023-03-20,696.6,697.3,685.7,689.4,9832
2023-03-21,690.6,696.0,671.8,672.0,10336
2023-03-22,673.8,674.9,645.5,653.7,12328
2023-03-23,655.2,666.6,648.9,650.8,12338
2023-03-24,652.8,691.5,647.8,681.1,17012
2023-03-27,683.8,698.0,672.3,689.5,12044
2023-03-28,691.0,696.3,683.4,691.1,10444
2023-03-29,689.7,715.9,688.7,697.1,12420
2023-03-30,696.9,701.8,682.7,683.8,10008
2023-03-31,682.7,693.3,673.8,684.3,12634
2023-04-03,692.2,702.9,684.6,688.6,11402
2023-04-04,689.1,694.4,681.3,684.5,9184
2023-04-05,685.9,686.4,668.4,673.6,9548
2023-04-06,676.3,677.4,665.0,669.5,9064
2023-04-10,676.6,681.1,662.8,673.1,9956
2023-04-11,673.5,679.5,659.5,665.6,13070
2023-04-12,665.7,674.1,664.8,668.6,10534
2023-04-13,670.0,670.4,656.5,658.7,10300
2023-04-14,660.1,675.9,653.6,675.7,11208
2023-04-17,678.6,690.1,668.2,688.7,11842
2023-04-18,688.0,699.6,683.5,691.8,11796
2023-04-19,691.6,692.5,675.4,675.6,8948
2023-04-20,676.5,679.2,662.1,664.6,9586
2023-04-21,664.6,669.4,653.3,657.6,9898
2023-04-24,662.0,664.3,641.7,642.6,10864
2023-04-25,641.9,645.3,628.1,638.4,11256
2023-04-26,638.8,642.9,626.8,627.8,10434
2023-04-27,629.3,630.8,611.6,616.4,12198
2023-04-28,616.0,624.9,610.9,619.3,10772
2023-05-01,621.0,621.9,601.0,604.9,8384
2023-05-02,608.7,613.4,595.0,597.5,10790
2023-05-03,598.1,629.0,591.5,627.4,12192
2023-05-04,631.2,637.5,616.4,631.5,11358
2023-05-05,634.2,650.4,630.9,646.1,10784
2023-05-08,648.5,655.9,639.9,640.2,9888
2023-05-09,639.6,640.6,621.1,631.7,10240
2023-05-10,630.6,635.6,618.2,628.5,11620
2023-05-11,627.9,629.1,613.9,616.1,9942
2023-05-12,615.3,641.8,614.8,623.8,12770
2023-05-15,623.7,652.2,621.7,651.0,11062
2023-05-16,651.4,652.6,629.3,636.9,10434
2023-05-17,636.1,643.2,605.9,613.3,17134
2023-05-18,612.3,615.2,595.7,601.3,11346
2023-05-19,601.0,610.6,592.4,596.1,12476
2023-05-22,596.6,604.2,587.2,596.6,13406
2023-05-23,597.7,615.2,585.4,613.0,11612
2023-05-24,612.8,615.1,593.4,596.6,11486
2023-05-25,598.9,607.5,590.4,595.5,11664
2023-05-26,598.3,609.5,594.0,608.1,10124
2023-05-30,607.0,608.5,581.1,582.3,10706
2023-05-31,582.5,587.4,565.9,586.2,12176
2023-06-01,586.2,609.8,585.4,603.1,13558
2023-06-02,601.5,614.7,594.9,612.5,11656
2023-06-05,615.8,624.1,608.8,617.5,12684
2023-06-06,618.2,640.6,614.2,620.3,15924
2023-06-07,618.9,628.3,606.4,609.5,13506
2023-06-08,609.0,622.1,604.9,619.2,13772
2023-06-09,617.7,625.8,612.1,623.6,14456
2023-06-12,622.4,632.3,616.5,628.8,13206
2023-06-13,629.1,642.9,621.3,629.7,12760
2023-06-14,631.6,633.0,619.4,624.1,11602
2023-06-15,622.6,657.9,621.8,655.5,13396
2023-06-16,652.9,690.5,652.4,681.8,18314
2023-06-20,682.6,694.9,671.9,690.4,16212
2023-06-21,698.2,729.8,694.8,729.2,15502
2023-06-22,723.6,741.7,720.7,734.0,16124
2023-06-23,732.1,732.3,714.8,725.8,16382
2023-06-26,730.1,752.1,715.7,719.1,21188
2023-06-27,719.7,720.8,679.0,681.2,17698
2023-06-28,683.4,690.0,651.8,653.3,18038
2023-06-29,654.2,662.3,649.3,652.9,14936
2023-06-30,654.5,665.2,633.5,636.3,18870
2023-07-03,630.9,641.5,624.5,625.9,16802
2023-07-05,635.7,665.4,632.6,659.4,12958
2023-07-06,657.2,657.9,638.1,642.7,14370
2023-07-07,642.7,648.2,630.3,636.2,12174
2023-07-10,638.9,646.8,629.6,633.0,11950
2023-07-11,632.5,652.0,631.5,647.1,10950
2023-07-12,644.6,649.8,619.9,620.6,13476
2023-07-13,620.5,632.4,610.2,627.6,13092
2023-07-14,627.1,650.7,625.9,648.7,13722
2023-07-17,655.1,677.1,639.5,642.2,18502
2023-07-18,638.1,663.0,631.4,657.4,14514
2023-07-19,656.3,717.8,653.7,713.2,27848
2023-07-20,711.5,737.9,699.3,713.9,28982
2023-07-21,711.8,720.9,682.5,686.0,22390
2023-07-24,690.5,745.2,687.9,745.2,18936
2023-07-25,740.5,765.1,725.1,749.3,26458
2023-07-26,744.4,744.4,698.3,707.8,22048
2023-07-27,709.1,728.8,702.0,702.7,21048
2023-07-28,702.2,709.8,679.0,693.8,17924
2023-07-31,690.6,690.8,651.2,657.1,18940
2023-08-01,660.4,665.7,634.6,644.5,16944
2023-08-02,644.4,674.8,627.7,632.0,24228
2023-08-03,632.2,639.6,618.2,619.7,15314
2023-08-04,620.4,645.3,619.4,625.1,18096
2023-08-07,639.7,656.0,628.6,649.6,17280
2023-08-08,648.7,654.5,635.4,647.1,15520
2023-08-09,649.1,650.8,626.7,628.6,14000
2023-08-10,628.9,636.8,628.1,631.5,13154
2023-08-11,633.3,633.4,620.3,623.5,14926
2023-08-14,629.5,630.8,602.4,610.2,13024
2023-08-15,610.9,611.7,593.1,594.8,13484
2023-08-16,593.8,603.8,588.9,595.5,13482
2023-08-17,596.8,597.6,584.5,587.6,10380
2023-08-18,587.7,612.2,587.3,609.5,11880
2023-08-21,615.5,617.9,595.4,597.8,12932
2023-08-22,597.6,608.9,594.0,600.3,10420
2023-08-23,601.4,615.7,597.3,611.5,10866
2023-08-24,614.2,614.9,599.7,605.1,10976
2023-08-25,604.4,610.2,589.4,595.1,9894
2023-08-28,596.3,602.2,587.3,591.5,9108
2023-08-29,591.0,592.7,574.9,575.7,9058
2023-08-30,577.0,585.7,575.2,581.4,8828
2023-08-31,580.1,590.7,569.6,577.3,10668
2023-09-01,578.2,588.1,571.8,571.8,9080
2023-09-05,575.3,582.3,569.7,577.2,9018
2023-09-06,577.5,591.9,576.2,586.6,7780
2023-09-07,585.7,590.6,575.5,576.0,6368
2023-09-08,576.8,580.0,568.2,573.8,6730
2023-09-11,574.6,575.6,559.2,563.0,5944
2023-09-12,562.8,569.8,549.8,565.9,8634
2023-09-13,565.5,579.7,563.9,574.4,7608
2023-09-14,574.4,576.5,563.0,571.8,6596
2023-09-15,572.5,586.1,571.5,583.3,6818
2023-09-18,582.7,583.7,567.5,569.1,8218
2023-09-19,567.6,572.8,561.8,564.7,7928
2023-09-20,566.3,576.4,562.4,569.4,7598
2023-09-21,570.2,570.2,556.3,556.3,5672
2023-09-22,557.6,563.5,554.2,560.9,5716
2023-09-25,559.2,571.5,556.0,571.0,5896
2023-09-26,570.4,578.2,565.5,571.2,7324
2023-09-27,571.5,576.3,560.7,561.4,7056
2023-09-28,563.3,565.7,558.0,561.2,5750
2023-09-29,561.3,568.2,524.0,525.5,9504
2023-10-02,529.0,550.6,525.6,549.5,10530
2023-10-03,552.4,558.3,546.8,552.2,9621
2023-10-04,551.9,553.7,536.5,543.8,8726
2023-10-05,545.6,564.4,543.7,561.5,7876
2023-10-06,561.1,564.1,551.2,552.7,6962
2023-10-09,557.6,566.4,555.3,557.4,7032
2023-10-10,558.8,559.6,541.4,543.9,5570
2023-10-11,544.1,546.6,537.2,542.3,4836
2023-10-12,543.0,560.0,533.7,557.9,9724
2023-10-13,556.8,571.8,555.7,565.3,9618
2023-10-16,566.6,574.6,561.8,564.5,6894
2023-10-17,564.1,568.9,555.4,557.7,6352
2023-10-18,558.7,570.4,558.4,567.5,7162
2023-10-19,568.2,581.2,564.0,580.9,9334
2023-10-20,580.6,591.0,571.3,573.5,10294
2023-10-23,572.2,582.8,570.0,574.4,8348
2023-10-24,575.5,575.6,560.9,567.1,7598
2023-10-25,567.5,574.4,556.0,557.2,7892
2023-10-26,557.3,569.0,552.3,568.0,9416
2023-10-27,568.1,571.2,559.9,564.3,7134
2023-10-30,565.3,566.4,554.9,555.5,7420
2023-10-31,556.9,556.9,544.5,547.5,6698
2023-11-01,547.3,554.8,545.0,552.1,6968
2023-11-02,554.0,559.7,547.9,554.9,5734
2023-11-03,555.5,564.8,554.4,562.9,5270
2023-11-06,564.2,568.9,558.1,566.5,6968
2023-11-07,564.8,573.6,555.8,563.2,7916
2023-11-08,563.2,589.8,561.7,581.6,9480
2023-11-09,581.3,581.7,565.3,572.1,9080
2023-11-10,572.6,574.1,563.0,566.1,7654
2023-11-13,566.9,572.5,559.5,569.7,8556
2023-11-14,570.2,575.6,563.8,565.2,9860
2023-11-15,564.9,572.0,554.3,557.2,8880
2023-11-16,557.1,557.1,544.5,550.2,7952
2023-11-17,550.7,554.1,543.9,546.1,6308
2023-11-20,546.1,549.6,538.5,541.6,6580
2023-11-21,542.1,554.6,539.7,553.6,8498
2023-11-22,554.1,561.3,553.5,556.2,6594
2023-11-24,554.0,554.3,546.1,549.7,3740
2023-11-27,549.6,553.4,529.3,532.8,7308
2023-11-28,535.2,545.9,530.4,545.7,6828
2023-11-29,546.6,559.3,544.0,557.6,8114
2023-11-30,558.1,570.5,554.3,569.8,6890
2023-12-01,569.0,581.5,561.4,574.6,7336
2023-12-04,574.5,597.8,573.4,590.1,11264
2023-12-05,591.6,607.6,588.6,601.5,10452
2023-12-06,600.8,620.3,598.0,604.5,9314
2023-12-07,602.9,616.2,594.1,614.6,11242
2023-12-08,612.4,616.6,601.0,604.1,10260
2023-12-11,604.4,606.1,581.5,583.6,8386
2023-12-12,583.9,602.2,582.7,599.0,8082
2023-12-13,598.7,600.2,577.2,581.3,7756
2023-12-14,584.2,593.8,581.5,591.1,7402
2023-12-15,591.5,604.1,585.9,602.7,7172
2023-12-18,605.1,605.4,590.3,593.3,7514
2023-12-19,594.5,599.7,587.4,599.0,6584
2023-12-20,598.6,600.9,585.5,587.2,5674
2023-12-21,588.7,593.5,587.0,588.9,5628
2023-12-22,589.4,595.0,587.7,593.3,4380
2023-12-26,593.3,616.5,589.8,614.3,5336
2023-12-27,613.8,614.5,597.3,601.6,5718
2023-12-28,601.9,614.0,600.0,609.6,5878
2023-12-29,609.3,611.3,600.0,606.3,5650
2024-01-02,607.7,607.7,584.9,587.4,5968
2024-01-03,588.4,589.9,578.8,581.8,6262
2024-01-04,581.3,594.6,572.3,592.9,7216
2024-01-05,592.5,601.7,592.2,596.1,6338
2024-01-08,597.6,598.1,574.8,578.7,7508
2024-01-09,577.0,595.3,576.3,591.3,7880
2024-01-10,592.0,593.6,586.0,591.6,6996
2024-01-11,591.4,596.7,584.6,586.5,6226
2024-01-12,586.3,594.1,570.5,579.5,10428
2024-01-16,578.2,586.0,561.3,566.1,9338
2024-01-17,567.2,580.1,562.6,566.0,8646
2024-01-18,566.5,571.6,558.4,569.1,7764
2024-01-19,571.2,582.6,569.8,577.9,6984
2024-01-22,580.3,585.6,572.9,580.4,7604
2024-01-23,580.8,592.4,579.7,583.9,6572
2024-01-24,583.8,597.7,582.7,597.3,6522
2024-01-25,597.6,603.0,592.7,597.5,7306
2024-01-26,597.7,600.1,579.3,586.2,5720
2024-01-29,588.6,588.6,575.2,581.8,6280
2024-01-30,582.3,594.0,572.5,591.8,6772
2024-01-31,591.9,592.8,579.6,583.7,6622
2024-02-01,583.3,591.0,575.6,588.7,7690
2024-02-02,590.2,599.5,584.3,588.2,8784
2024-02-05,586.8,587.8,576.3,580.2,7092
2024-02-06,579.6,586.7,577.7,584.9,7300
2024-02-07,585.0,596.0,580.8,590.4,7640
2024-02-08,590.8,592.0,574.2,580.3,10284
2024-02-09,579.9,592.6,577.3,583.3,7942
2024-02-12,585.0,588.8,575.8,583.5,7234
2024-02-13,583.1,587.6,579.1,582.4,6510
2024-02-14,582.2,582.4,563.4,568.3,9172
2024-02-15,568.2,568.4,552.1,552.6,8854
2024-02-16,553.0,554.7,541.7,545.6,6854
2024-02-20,544.2,568.0,540.6,564.1,10202
2024-02-21,564.2,566.9,557.9,564.5,7732
2024-02-22,562.9,580.6,561.2,566.1,9568
2024-02-23,566.6,574.1,555.2,555.7,6467
2024-02-26,557.2,563.5,547.9,561.6,9606
2024-02-27,561.2,576.9,559.3,572.0,7862
2024-02-28,571.7,572.4,559.4,564.3,7756
2024-02-29,563.9,569.0,556.9,564.2,7666
2024-03-01,561.6,564.9,544.0,546.3,6198
2024-03-04,546.5,556.5,542.3,552.6,6518
2024-03-05,552.2,554.0,535.6,540.5,7268
2024-03-06,540.1,540.6,519.3,521.7,7800
2024-03-07,522.6,528.3,517.7,518.9,8326
2024-03-08,519.2,532.3,516.6,527.9,6942
2024-03-11,528.9,540.2,514.0,537.9,7778
2024-03-12,536.9,545.9,531.7,539.0,7534
2024-03-13,539.7,544.1,527.4,533.5,8598
2024-03-14,532.9,532.9,519.2,523.6,7496
2024-03-15,522.3,528.2,517.8,519.8,5722
2024-03-18,522.4,535.0,518.5,533.5,7582
2024-03-19,535.1,544.7,530.5,544.7,6274
2024-03-20,543.7,544.1,528.6,537.3,4846
2024-03-21,537.6,543.7,532.0,539.6,6632
2024-03-22,540.1,550.6,531.4,546.2,7598
2024-03-25,550.8,558.7,541.4,547.6,8018
2024-03-26,547.5,549.5,534.9,535.4,6176
2024-03-27,535.8,541.7,531.4,540.0,5546
2024-03-28,540.1,560.6,536.9,554.1,11034
2024-04-01,555.1,555.4,540.4,551.1,6502
2024-04-02,550.5,555.7,536.9,538.7,7640
2024-04-03,537.8,552.9,533.9,549.2,6238
2024-04-04,549.6,556.0,542.9,550.4,6980
2024-04-05,549.5,568.0,548.7,560.9,8126
2024-04-08,563.9,567.3,553.6,559.8,9898
2024-04-09,555.9,557.7,547.9,551.8,7790
2024-04-10,552.2,560.8,550.2,552.8,8844
2024-04-11,552.5,554.7,544.1,547.0,9778
2024-04-12,548.2,556.4,544.5,550.8,8074
2024-04-15,550.7,550.7,541.0,548.7,6706
2024-04-16,548.9,553.8,540.0,546.3,7238
2024-04-17,546.2,551.1,533.0,535.2,6580
2024-04-18,535.5,541.2,532.2,534.9,7770
2024-04-19,535.2,556.4,534.2,548.6,10374
2024-04-22,549.7,577.4,547.8,570.0,7352
2024-04-23,569.1,585.1,565.5,583.5,9474
2024-04-24,582.4,597.9,578.2,595.2,9322
2024-04-25,595.0,604.7,593.8,601.2,9390
2024-04-26,601.5,614.4,598.2,603.7,8590
2024-04-29,597.1,605.4,585.5,590.7,9784
2024-04-30,588.6,590.2,578.9,587.3,8406
2024-05-01,588.2,591.7,577.1,583.2,7778
2024-05-02,583.9,598.7,579.3,586.9,11892
2024-05-03,587.1,615.3,586.8,606.1,11870
2024-05-06,605.3,633.3,593.8,629.4,14580
2024-05-07,629.4,637.0,619.9,626.5,16750
2024-05-08,627.1,632.8,612.6,618.8,12348
2024-05-09,617.9,631.3,616.2,622.1,11878
2024-05-10,621.8,648.9,621.6,647.2,17932
2024-05-13,646.5,677.9,639.4,670.2,15174
2024-05-14,669.9,680.0,652.6,659.4,16290
2024-05-15,658.9,681.2,647.4,651.6,17606
2024-05-16,650.0,666.3,642.3,648.1,14212
2024-05-17,648.4,661.5,636.7,636.7,10554
2024-05-20,640.6,677.1,640.6,673.4,14002
2024-05-21,673.4,686.4,668.3,684.1,13738
2024-05-22,683.7,702.4,674.9,680.3,16770
2024-05-23,680.7,688.6,669.3,687.2,14782
2024-05-24,687.2,692.3,676.1,683.3,13890
2024-05-28,700.3,707.1,681.3,689.9,17900
2024-05-29,689.5,693.9,676.4,681.1,11906
2024-05-30,680.9,682.0,662.2,669.1,13536
2024-05-31,669.3,679.5,662.7,667.1,12532
2024-06-03,667.4,686.8,657.3,662.8,16894
2024-06-04,662.6,670.9,647.9,648.9,12692
2024-06-05,649.4,654.3,633.1,636.2,10880
2024-06-06,640.1,644.7,629.2,630.1,11052
2024-06-07,630.4,630.4,609.9,618.2,12729
2024-06-10,617.2,618.0,600.5,600.5,13104
2024-06-11,601.0,622.9,600.0,615.9,11072
2024-06-12,616.2,617.7,601.7,605.1,13425
2024-06-13,604.5,615.7,603.7,607.5,10212
2024-06-14,606.9,610.1,600.3,600.3,10224
2024-06-17,598.1,598.1,580.4,580.9,10662
2024-06-18,580.3,585.1,571.6,571.7,8526
2024-06-20,573.9,575.3,559.0,560.4,7744
2024-06-21,561.6,569.1,550.4,551.6,8594
2024-06-24,553.0,555.7,541.8,548.7,9362
2024-06-25,548.1,551.7,537.3,537.3,9628
2024-06-26,536.8,550.0,534.9,537.0,8158
2024-06-27,537.6,559.0,536.6,558.5,8500
2024-06-28,557.4,564.0,544.3,552.5,11562
2024-07-01,551.5,569.9,546.5,567.8,11296
2024-07-02,567.5,568.5,557.7,560.6,7896
2024-07-03,560.9,567.6,552.4,552.4,6436
2024-07-05,561.4,571.5,558.0,570.1,6006
2024-07-08,569.0,571.2,547.2,551.1,6472
2024-07-09,550.4,559.8,550.4,552.6,7812
2024-07-10,552.5,553.6,538.3,542.6,7268
2024-07-11,542.7,562.1,541.3,553.4,8434
2024-07-12,553.1,553.1,533.0,533.0,10704
2024-07-15,533.5,533.8,515.1,515.4,8116
2024-07-16,515.1,521.7,509.8,514.4,9110
2024-07-17,515.1,530.7,512.5,525.8,6856
2024-07-18,524.9,530.7,517.6,519.8,7832
2024-07-19,519.3,540.5,515.7,527.6,8274
2024-07-22,530.1,538.6,525.9,533.5,8526
2024-07-23,532.7,537.6,526.4,527.6,7728
2024-07-24,527.9,541.1,523.0,533.3,6570
2024-07-25,532.2,535.7,522.8,523.8,6614
2024-07-26,523.5,527.9,509.6,510.4,6476
2024-07-29,510.6,520.1,502.6,517.7,8620
2024-07-30,516.7,517.5,505.2,510.5,6984
2024-07-31,511.1,521.9,504.0,515.0,8828
2024-08-01,514.7,522.9,508.4,521.4,7816
2024-08-02,520.4,528.8,517.2,527.0,7092
