2019-04-04 00:00:00,365.13,365.4,364.1,365.1,
2019-04-05 00:00:00,364.4,364.6,360.6,362.4,
2019-04-08 00:00:00,362.4,363.6,359.6,360.1,
2019-04-09 00:00:00,359.9,362.1,355.6,360.1,
2019-04-10 00:00:00,360.4,362.6,360.1,361.4,
2019-04-11 00:00:00,361.1,362.9,358.6,359.9,
2019-04-12 00:00:00,360.1,361.4,358.6,361.4,
2019-04-15 00:00:00,361.4,364.4,361.1,362.6,
2019-04-16 00:00:00,362.4,362.6,357.4,358.9,
2019-04-17 00:00:00,358.4,359.9,356.6,358.6,
2019-04-18 00:00:00,358.1,359.1,357.1,358.6,
2019-04-22 00:00:00,358.9,358.9,354.4,355.1,
2019-04-23 00:00:00,354.6,354.9,350.4,351.4,
2019-04-24 00:00:00,351.1,352.4,346.9,346.9,
2019-04-25 00:00:00,346.1,350.9,342.1,347.6,
2019-04-26 00:00:00,347.4,353.4,347.1,351.4,
2019-04-29 00:00:00,353.1,355.9,351.4,352.6,
2019-04-30 00:00:00,352.5,363.1,350.9,362.9,
2019-05-01 00:00:00,362.6,368.9,362.6,368.4,
2019-05-02 00:00:00,369.1,370.9,366.6,370.4,
2019-05-03 00:00:00,370.4,371.6,366.1,370.6,
2019-05-06 00:00:00,359.4,364.9,355.6,364.4,
2019-05-07 00:00:00,365.9,368.1,363.1,366.6,
2019-05-08 00:00:00,367.1,368.1,361.4,364.4,
2019-05-09 00:00:00,362.8,363.1,352.6,353.4,
2019-05-10 00:00:00,354.0,355.4,345.6,351.6,
2019-05-13 00:00:00,350.9,357.4,343.1,356.4,
2019-05-14 00:00:00,360.5,370.6,360.5,368.6,
2019-05-15 00:00:00,369.1,379.9,368.1,368.9,
2019-05-16 00:00:00,368.9,380.6,368.9,379.1,
2019-05-17 00:00:00,380.1,384.6,380.1,382.9,
2019-05-20 00:00:00,385.9,391.4,385.9,389.1,
2019-05-21 00:00:00,393.1,398.9,391.4,394.1,
2019-05-22 00:00:00,393.1,396.4,386.6,394.6,
2019-05-23 00:00:00,394.1,398.9,386.9,389.9,
2019-05-24 00:00:00,390.7,404.4,389.7,404.2,
2019-05-28 00:00:00,407.9,420.4,407.7,420.4,
2019-05-29 00:00:00,429.7,438.2,412.4,418.4,
2019-05-30 00:00:00,416.7,436.7,413.4,436.4,
2019-05-31 00:00:00,434.5,437.7,423.4,426.9,
2019-06-03 00:00:00,426.2,430.7,418.4,424.9,
2019-06-04 00:00:00,434.9,435.9,421.4,425.4,
2019-06-05 00:00:00,424.3,424.7,412.4,414.4,
2019-06-06 00:00:00,414.7,421.6,407.2,420.7,
2019-06-07 00:00:00,420.7,423.4,415.2,415.7,
2019-06-10 00:00:00,413.4,416.7,409.2,416.2,
2019-06-11 00:00:00,414.4,430.2,408.4,427.9,
2019-06-12 00:00:00,427.7,434.4,424.2,429.9,
2019-06-13 00:00:00,430.0,442.7,430.0,442.0,
2019-06-14 00:00:00,442.0,457.5,441.7,453.2,
2019-06-17 00:00:00,459.2,464.2,450.7,454.7,
2019-06-18 00:00:00,456.0,458.0,442.7,450.0,
2019-06-19 00:00:00,450.0,451.8,438.5,441.5,
2019-06-20 00:00:00,441.4,450.5,437.0,450.2,
2019-06-21 00:00:00,452.0,454.0,442.0,442.0,
2019-06-24 00:00:00,442.2,448.0,440.5,447.5,
2019-06-25 00:00:00,451.0,453.0,447.0,448.0,
2019-06-26 00:00:00,446.9,447.2,441.0,443.5,
2019-06-27 00:00:00,449.4,451.4,445.4,445.6,
2019-06-28 00:00:00,445.3,459.9,420.6,425.1,
2019-07-01 00:00:00,429.1,429.4,413.4,415.6,
2019-07-02 00:00:00,416.1,420.8,413.4,419.4,
2019-07-03 00:00:00,420.4,437.1,419.8,436.1,
2019-07-05 00:00:00,436.1,439.6,430.1,439.1,
2019-07-08 00:00:00,443.6,445.1,433.6,439.6,
2019-07-09 00:00:00,439.1,439.4,429.0,432.9,
2019-07-10 00:00:00,431.9,436.4,427.1,434.6,
2019-07-11 00:00:00,434.3,444.6,426.6,443.6,
2019-07-12 00:00:00,443.9,455.4,441.9,454.4,
2019-07-15 00:00:00,459.1,459.9,439.9,440.9,
2019-07-16 00:00:00,437.9,440.9,429.4,435.4,
2019-07-17 00:00:00,435.4,441.4,431.6,436.1,
2019-07-18 00:00:00,433.8,435.9,423.3,424.4,
2019-07-19 00:00:00,425.8,434.1,423.6,430.9,
2019-07-22 00:00:00,431.1,432.1,421.1,422.1,
2019-07-23 00:00:00,424.6,426.6,418.4,425.6,
2019-07-24 00:00:00,424.9,430.4,421.5,423.9,
2019-07-25 00:00:00,424.1,425.6,418.4,418.9,
2019-07-26 00:00:00,418.3,419.4,414.1,414.1,
2019-07-29 00:00:00,413.2,419.4,412.2,417.2,
2019-07-30 00:00:00,415.9,416.7,410.4,411.4,
2019-07-31 00:00:00,410.8,413.9,400.2,400.2,
2019-08-01 00:00:00,401.8,402.9,387.4,392.9,
2019-08-02 00:00:00,394.8,399.9,393.7,399.7,
2019-08-05 00:00:00,400.3,406.7,391.2,405.9,
2019-08-06 00:00:00,405.7,408.2,400.9,404.2,
2019-08-07 00:00:00,404.7,407.4,400.7,406.7,
2019-08-08 00:00:00,407.3,411.9,405.7,411.7,
2019-08-09 00:00:00,410.7,416.9,407.4,410.2,
2019-08-12 00:00:00,409.8,409.9,385.2,385.2,
2019-08-13 00:00:00,378.2,378.7,365.7,366.1,
2019-08-14 00:00:00,366.4,370.4,358.7,359.7,
2019-08-15 00:00:00,360.7,363.7,358.4,360.4,
2019-08-16 00:00:00,361.7,371.0,361.2,371.0,
2019-08-19 00:00:00,368.0,368.3,363.5,365.5,
2019-08-20 00:00:00,366.7,370.2,359.5,360.1,
2019-08-21 00:00:00,360.5,363.9,357.4,362.7,
2019-08-22 00:00:00,363.6,366.5,359.2,363.0,
2019-08-23 00:00:00,362.9,363.3,357.8,359.6,
2019-08-26 00:00:00,358.1,362.0,357.3,359.0,
2019-08-27 00:00:00,359.0,360.0,357.0,357.3,
2019-08-28 00:00:00,357.8,365.6,355.6,363.1,
2019-08-29 00:00:00,371.9,376.9,370.6,371.4,
2019-08-30 00:00:00,370.6,374.4,369.4,369.6,
2019-09-03 00:00:00,369.6,369.9,360.6,361.1,
2019-09-04 00:00:00,361.1,362.9,356.6,358.4,
2019-09-05 00:00:00,358.6,362.6,358.4,358.9,
2019-09-06 00:00:00,359.6,360.1,353.1,355.6,
2019-09-09 00:00:00,355.0,357.9,352.4,354.1,
2019-09-10 00:00:00,356.4,362.4,355.9,361.6,
2019-09-11 00:00:00,363.1,363.4,356.6,359.9,
2019-09-12 00:00:00,360.9,367.4,353.4,367.1,
2019-09-13 00:00:00,367.6,372.1,365.6,368.9,
2019-09-16 00:00:00,372.1,373.9,367.6,373.9,
2019-09-17 00:00:00,374.0,374.0,366.1,368.4,
2019-09-18 00:00:00,368.1,371.9,365.9,371.4,
2019-09-19 00:00:00,371.7,373.7,369.7,372.9,
2019-09-20 00:00:00,372.7,374.4,369.7,370.9,
2019-09-23 00:00:00,371.5,374.7,370.9,373.2,
2019-09-24 00:00:00,372.4,374.7,370.2,374.7,
2019-09-25 00:00:00,375.4,377.4,372.4,374.4,
2019-09-26 00:00:00,373.8,375.7,368.4,372.4,
2019-09-27 00:00:00,371.5,372.9,369.9,371.4,
2019-09-30 00:00:00,372.4,388.2,371.7,387.9,
2019-10-02 00:00:00,390.4,391.7,385.7,387.7,
2019-10-03 00:00:00,387.2,390.7,385.7,388.7,
2019-10-04 00:00:00,388.2,388.9,383.9,384.7,
2019-10-07 00:00:00,387.2,387.7,385.2,387.2,
2019-10-08 00:00:00,387.7,396.4,386.2,395.4,
2019-10-09 00:00:00,395.9,397.2,393.2,394.4,
2019-10-10 00:00:00,392.9,394.9,378.4,380.4,
2019-10-11 00:00:00,381.2,398.7,380.7,397.7,
2019-10-14 00:00:00,401.3,402.4,393.4,397.7,
2019-10-15 00:00:00,396.7,398.7,393.2,393.2,
2019-10-16 00:00:00,391.9,392.7,387.7,391.9,
2019-10-17 00:00:00,391.9,397.2,391.4,394.4,
2019-10-18 00:00:00,393.9,395.9,389.9,390.9,
2019-10-21 00:00:00,390.2,393.7,386.7,387.4,
2019-10-22 00:00:00,387.2,392.7,385.2,388.0,
2019-10-23 00:00:00,388.0,389.5,384.0,388.0,
2019-10-24 00:00:00,388.6,390.7,385.5,387.0,
2019-10-25 00:00:00,387.5,390.0,386.0,387.0,
2019-10-28 00:00:00,386.0,386.5,383.5,384.2,
2019-10-29 00:00:00,383.5,387.5,382.2,386.5,
2019-10-30 00:00:00,385.7,391.2,385.6,391.0,
2019-10-31 00:00:00,390.2,391.2,385.0,390.2,
2019-11-01 00:00:00,389.2,391.7,386.5,389.0,
2019-11-04 01:00:00,386.9,387.7,383.1,383.4,
2019-11-05 01:00:00,383.4,384.6,380.6,381.9,
2019-11-06 01:00:00,382.4,384.9,377.6,378.9,
2019-11-07 01:00:00,379.4,379.9,373.9,375.4,
2019-11-08 01:00:00,375.1,383.6,372.6,377.4,
2019-11-11 01:00:00,375.9,376.9,372.6,373.4,
2019-11-12 01:00:00,373.7,377.9,372.9,377.9,
2019-11-13 01:00:00,377.2,377.7,374.9,375.4,
2019-11-14 01:00:00,375.4,377.4,374.7,375.7,
2019-11-15 01:00:00,375.7,376.4,371.2,371.2,
2019-11-18 01:00:00,370.9,371.7,367.7,367.9,
2019-11-19 01:00:00,367.9,372.9,367.9,370.2,
2019-11-20 01:00:00,369.5,370.5,366.0,366.7,
2019-11-21 01:00:00,366.7,369.7,366.5,368.5,
2019-11-22 01:00:00,368.2,370.2,367.7,368.5,
2019-11-25 01:00:00,368.8,373.0,368.5,370.5,
2019-11-26 01:00:00,374.3,375.1,367.1,367.4,
2019-11-27 01:00:00,377.9,379.6,373.1,373.4,
2019-11-29 01:00:00,375.4,381.9,374.4,380.9,
2019-12-02 01:00:00,381.6,384.6,379.1,382.1,
2019-12-03 01:00:00,381.7,384.7,380.4,381.4,
2019-12-04 01:00:00,381.0,383.0,377.5,378.5,
2019-12-05 01:00:00,378.1,379.6,376.6,376.8,
2019-12-06 01:00:00,376.9,379.6,375.4,377.1,
2019-12-09 01:00:00,376.6,378.7,375.7,375.9,
2019-12-10 01:00:00,376.3,378.3,375.5,377.3,
2019-12-11 01:00:00,376.8,377.3,371.8,371.8,
2019-12-12 01:00:00,372.2,380.7,371.9,378.2,
2019-12-13 01:00:00,382.2,386.0,378.2,381.5,
2019-12-16 01:00:00,384.6,390.1,384.4,388.8,
2019-12-17 01:00:00,388.4,391.2,387.2,390.7,
2019-12-18 01:00:00,390.2,390.7,386.7,387.5,
2019-12-19 01:00:00,387.8,389.8,386.1,387.6,
2019-12-20 01:00:00,387.4,390.4,387.2,388.9,
2019-12-23 01:00:00,389.0,391.2,388.5,390.0,
2019-12-24 01:00:00,389.7,390.3,388.3,389.3,
2019-12-26 01:00:00,389.2,390.2,388.0,389.7,
2019-12-27 01:00:00,389.6,392.3,389.3,391.6,
2019-12-30 01:00:00,390.1,393.1,388.4,389.9,
2019-12-31 01:00:00,389.7,391.2,387.7,389.5,
2020-01-02 01:00:00,389.7,393.7,389.7,393.4,
2020-01-03 01:00:00,393.3,393.8,388.5,388.5,
2020-01-06 01:00:00,388.1,389.6,384.8,386.8,
2020-01-07 01:00:00,387.2,387.7,385.7,386.7,
2020-01-08 01:00:00,385.9,387.5,384.5,386.3,
2020-01-09 01:00:00,386.1,389.1,384.6,385.6,
2020-01-10 01:00:00,385.7,388.7,379.0,388.0,
2020-01-13 01:00:00,388.8,391.8,388.1,391.8,
2020-01-14 01:00:00,391.9,392.9,390.9,391.4,
2020-01-15 01:00:00,391.2,393.0,389.2,390.0,
2020-01-16 01:00:00,390.1,390.3,378.1,378.3,
2020-01-17 01:00:00,379.9,392.2,379.7,391.9,
2020-01-21 01:00:00,392.2,392.4,387.4,390.9,
2020-01-22 01:00:00,390.7,393.9,389.7,391.7,
2020-01-23 01:00:00,391.7,397.0,390.7,396.7,
2020-01-24 01:00:00,396.3,396.3,389.8,389.8,
2020-01-27 01:00:00,387.3,387.9,380.7,384.4,
2020-01-28 01:00:00,385.3,390.3,382.0,389.5,
2020-01-29 01:00:00,388.9,391.6,386.4,387.9,
2020-01-30 01:00:00,388.2,388.5,382.2,383.2,
2020-01-31 01:00:00,385.3,386.3,382.3,385.1,
2020-02-03 01:00:00,384.4,385.7,380.4,382.4,
2020-02-04 01:00:00,382.3,387.3,382.3,385.8,
2020-02-05 01:00:00,385.4,387.1,383.6,384.9,
2020-02-06 01:00:00,384.5,385.9,380.2,383.7,
2020-02-07 01:00:00,384.5,389.0,384.2,387.2,
2020-02-10 01:00:00,387.2,387.2,383.2,385.5,
2020-02-11 01:00:00,385.2,386.0,382.2,383.7,
2020-02-12 01:00:00,384.0,387.7,382.5,387.0,
2020-02-13 01:00:00,386.2,386.7,383.2,383.5,
2020-02-14 01:00:00,383.8,385.6,380.6,382.1,
2020-02-18 01:00:00,383.1,387.3,382.3,387.1,
2020-02-19 01:00:00,386.6,386.8,382.8,384.8,
2020-02-20 01:00:00,384.9,385.4,382.4,382.9,
2020-02-21 01:00:00,382.4,384.7,380.7,381.2,
2020-02-24 01:00:00,380.3,380.3,374.3,376.8,
2020-02-25 01:00:00,376.9,378.6,375.1,376.6,
2020-02-26 01:00:00,376.1,377.9,372.4,374.3,
2020-02-27 01:00:00,373.6,374.1,366.4,368.1,
2020-02-28 01:00:00,367.9,369.6,365.6,368.6,
2020-03-02 01:00:00,367.9,376.1,367.4,376.1,
2020-03-03 01:00:00,376.6,383.6,376.4,383.6,
2020-03-04 01:00:00,380.9,386.6,379.1,385.1,
2020-03-05 01:00:00,384.1,384.4,379.6,381.6,
2020-03-06 01:00:00,380.9,382.6,375.1,376.4,
2020-03-09 00:00:00,369.5,375.5,367.0,373.0,
2020-03-10 00:00:00,374.7,379.7,374.2,377.7,
2020-03-11 00:00:00,377.4,377.5,372.2,374.7,
2020-03-12 00:00:00,373.0,373.0,365.2,366.0,
2020-03-13 00:00:00,365.6,371.8,363.8,365.8,
2020-03-16 00:00:00,363.1,367.9,354.4,355.4,
2020-03-17 00:00:00,355.5,357.0,344.0,344.3,
2020-03-18 00:00:00,344.4,345.9,332.6,336.1,
2020-03-19 00:00:00,337.2,355.2,337.2,346.0,
2020-03-20 00:00:00,347.0,357.3,343.1,344.1,
2020-03-23 00:00:00,341.2,346.2,339.4,343.9,
2020-03-24 00:00:00,344.5,351.3,339.0,347.8,
2020-03-25 00:00:00,348.6,353.9,346.9,350.6,
2020-03-26 00:00:00,349.2,350.2,345.0,350.0,
2020-03-27 00:00:00,349.6,351.1,343.8,347.3,
2020-03-30 00:00:00,343.9,347.7,341.4,342.9,
2020-03-31 00:00:00,343.2,345.7,334.9,342.2,
2020-04-01 00:00:00,342.8,344.0,335.0,336.5,
2020-04-02 00:00:00,336.6,344.6,334.6,335.1,
2020-04-03 00:00:00,336.0,340.0,329.7,332.2,
2020-04-06 00:00:00,331.4,333.4,327.4,329.7,
2020-04-07 00:00:00,330.1,337.4,330.1,333.9,
2020-04-08 00:00:00,334.3,336.1,330.6,332.3,
2020-04-09 00:00:00,333.5,335.8,330.5,334.3,
2020-04-13 00:00:00,335.7,336.5,329.2,334.1,
2020-04-14 00:00:00,333.8,334.6,328.6,328.8,
2020-04-15 00:00:00,329.0,329.5,320.5,322.3,
2020-04-16 00:00:00,322.0,326.1,321.1,322.8,
2020-04-17 00:00:00,323.4,328.9,323.4,326.1,
2020-04-20 00:00:00,326.2,326.9,317.4,317.9,
2020-04-21 00:00:00,318.4,320.4,305.4,313.9,
2020-04-22 00:00:00,315.2,324.9,312.9,322.4,
2020-04-23 00:00:00,322.5,328.7,320.2,324.7,
2020-04-24 00:00:00,324.7,326.3,317.5,321.5,
2020-04-27 00:00:00,321.2,321.7,310.2,311.7,
2020-04-28 00:00:00,311.9,315.4,308.2,309.6,
2020-04-29 00:00:00,311.4,317.9,309.4,314.6,
2020-04-30 00:00:00,315.1,322.1,312.6,319.6,
2020-05-01 00:00:00,320.0,320.5,315.7,318.2,
2020-05-04 00:00:00,317.1,317.6,312.3,315.8,
2020-05-05 00:00:00,315.7,318.7,314.2,317.4,
2020-05-06 00:00:00,318.3,318.5,313.8,314.8,
2020-05-07 00:00:00,314.6,320.9,314.6,318.6,
2020-05-08 00:00:00,318.7,323.5,318.0,319.7,
2020-05-11 00:00:00,321.6,323.3,317.8,319.1,
2020-05-12 00:00:00,318.9,324.7,315.4,323.2,
2020-05-13 00:00:00,322.5,322.5,318.5,319.0,
2020-05-14 00:00:00,319.4,320.4,316.6,318.4,
2020-05-15 00:00:00,319.0,321.5,318.0,320.2,
2020-05-18 00:00:00,322.6,323.1,319.1,322.1,
2020-05-19 00:00:00,322.2,326.7,321.9,322.7,
2020-05-20 00:00:00,322.7,322.8,318.8,320.8,
2020-05-21 00:00:00,320.6,321.6,317.9,319.6,
2020-05-22 00:00:00,319.2,320.7,317.7,319.7,
2020-05-26 00:00:00,318.7,324.7,318.4,320.9,
2020-05-27 00:00:00,322.0,323.8,321.3,322.5,
2020-05-28 00:00:00,322.4,332.6,321.6,329.4,
2020-05-29 00:00:00,329.7,331.5,325.5,327.7,
2020-06-01 00:00:00,327.6,330.1,321.6,325.6,
2020-06-02 00:00:00,326.2,327.4,324.4,326.4,
2020-06-03 00:00:00,326.8,327.0,323.8,326.5,
2020-06-04 00:00:00,326.9,332.1,326.6,331.4,
2020-06-05 00:00:00,331.2,334.5,331.0,334.2,
2020-06-08 00:00:00,336.3,337.3,333.8,336.3,
2020-06-09 00:00:00,335.2,336.7,329.7,330.2,
2020-06-10 00:00:00,330.0,330.8,327.3,329.0,
2020-06-11 00:00:00,329.1,333.9,328.4,332.9,
2020-06-12 00:00:00,332.5,336.0,331.5,333.2,
2020-06-15 00:00:00,332.1,333.1,328.8,332.6,
2020-06-16 00:00:00,334.9,337.7,331.4,332.4,
2020-06-17 00:00:00,331.5,334.5,328.3,333.5,
2020-06-18 00:00:00,333.4,337.1,332.4,334.1,
2020-06-19 00:00:00,333.2,337.2,331.2,336.5,
2020-06-22 00:00:00,335.3,336.1,331.8,332.1,
2020-06-23 00:00:00,330.5,330.8,325.0,328.8,
2020-06-24 00:00:00,328.3,332.8,327.8,328.3,
2020-06-25 00:00:00,327.3,327.8,318.8,320.8,
2020-06-26 00:00:00,320.5,323.2,317.2,321.4,
2020-06-29 00:00:00,318.1,328.9,317.6,328.6,
2020-06-30 00:00:00,327.4,345.9,326.1,341.4,
2020-07-01 00:00:00,341.1,353.8,340.6,350.8,
2020-07-02 00:00:00,349.8,353.8,343.5,343.7,
2020-07-06 00:00:00,349.6,350.7,346.4,347.2,
2020-07-07 00:00:00,348.1,348.9,341.4,344.4,
2020-07-08 00:00:00,343.7,347.7,340.2,347.5,
2020-07-09 00:00:00,347.1,356.1,347.1,350.3,
2020-07-10 00:00:00,349.7,352.7,337.7,338.9,
2020-07-13 00:00:00,334.5,334.5,328.3,330.3,
2020-07-14 00:00:00,330.4,333.6,327.4,327.6,
2020-07-15 00:00:00,327.5,330.5,324.5,328.2,
2020-07-16 00:00:00,327.8,334.8,327.8,332.6,
2020-07-17 00:00:00,332.4,336.4,332.4,334.9,
2020-07-20 00:00:00,334.8,334.8,327.8,330.4,
2020-07-21 00:00:00,329.6,329.6,324.1,324.6,
2020-07-22 00:00:00,324.8,330.1,324.8,329.8,
2020-07-23 00:00:00,329.4,331.7,327.4,330.2,
2020-07-24 00:00:00,330.3,332.0,328.0,328.0,
2020-07-27 00:00:00,327.2,330.2,326.0,327.6,
2020-07-28 00:00:00,325.7,326.2,322.9,323.2,
2020-07-29 00:00:00,323.4,324.4,318.4,318.4,
2020-07-30 00:00:00,318.9,322.4,318.7,319.2,
2020-07-31 00:00:00,319.5,321.0,318.2,318.2,
2020-08-03 00:00:00,319.0,322.0,319.0,321.5,
2020-08-04 00:00:00,320.7,320.8,312.3,312.6,
2020-08-05 00:00:00,313.6,315.6,313.6,315.4,
2020-08-06 00:00:00,315.2,317.6,314.2,316.2,
2020-08-07 00:00:00,316.1,316.8,312.6,313.1,
2020-08-10 00:00:00,313.2,317.2,313.2,316.5,
2020-08-11 00:00:00,317.4,320.9,316.4,317.9,
2020-08-12 00:00:00,317.8,321.3,314.5,321.3,
2020-08-13 00:00:00,322.7,334.4,322.4,332.4,
2020-08-14 00:00:00,331.2,332.3,328.8,331.6,
2020-08-17 00:00:00,334.6,338.6,334.3,338.3,
2020-08-18 00:00:00,338.2,340.2,334.2,335.4,
2020-08-19 00:00:00,333.0,336.3,332.5,333.8,
2020-08-20 00:00:00,333.7,335.5,330.4,334.2,
2020-08-21 00:00:00,334.8,338.0,334.6,338.0,
2020-08-24 00:00:00,338.8,342.8,338.3,342.8,
2020-08-25 00:00:00,346.2,352.7,346.2,351.9,
2020-08-26 00:00:00,352.0,353.2,349.2,352.2,
2020-08-27 00:00:00,352.9,357.6,352.1,357.4,
2020-08-28 00:00:00,357.1,359.4,355.1,359.4,
2020-08-31 00:00:00,359.9,364.1,356.4,357.9,
2020-09-01 00:00:00,355.5,358.7,351.2,358.0,
2020-09-02 00:00:00,358.3,359.6,354.6,358.8,
2020-09-03 00:00:00,358.4,359.2,353.7,354.2,
2020-09-04 00:00:00,354.8,359.5,354.3,358.5,
2020-09-08 00:00:00,358.0,364.0,357.2,362.2,
2020-09-09 00:00:00,361.2,362.1,358.8,361.1,
2020-09-10 00:00:00,360.4,367.4,360.4,365.9,
2020-09-11 00:00:00,365.8,370.3,364.7,369.5,
2020-09-14 00:00:00,369.9,371.9,368.4,370.6,
2020-09-15 00:00:00,370.0,370.5,366.2,367.2,
2020-09-16 00:00:00,365.3,373.1,362.8,372.8,
2020-09-17 00:00:00,372.9,378.4,369.2,376.2,
2020-09-18 00:00:00,375.3,380.5,374.8,380.5,
2020-09-21 00:00:00,378.4,379.9,369.9,371.6,
2020-09-22 00:00:00,371.2,374.7,367.5,370.5,
2020-09-23 00:00:00,370.1,371.8,367.6,370.1,
2020-09-24 00:00:00,369.7,369.9,364.9,365.4,
2020-09-25 00:00:00,365.0,369.3,365.0,367.3,
2020-09-28 00:00:00,366.6,371.6,362.6,368.6,
2020-09-29 00:00:00,368.2,369.7,363.2,366.7,
2020-09-30 00:00:00,366.3,384.8,364.3,380.6,
2020-10-01 00:00:00,380.7,387.7,380.4,385.2,
2020-10-02 00:00:00,383.8,385.5,379.8,382.0,
2020-10-05 00:00:00,381.1,384.9,380.1,382.1,
2020-10-06 00:00:00,381.5,391.7,381.0,387.2,
2020-10-07 00:00:00,387.1,394.6,386.8,391.3,
2020-10-08 00:00:00,391.7,397.2,389.4,389.7,
2020-10-09 00:00:00,389.8,401.0,389.3,397.8,
2020-10-12 00:00:00,399.1,402.1,390.1,392.5,
2020-10-13 00:00:00,391.7,395.7,391.2,394.5,
2020-10-14 00:00:00,394.1,400.6,391.3,399.6,
2020-10-15 00:00:00,399.4,407.4,396.9,407.2,
2020-10-16 00:00:00,406.7,412.2,405.2,405.7,
2020-10-19 00:00:00,405.2,409.9,404.2,408.2,
2020-10-20 00:00:00,407.8,413.0,407.0,412.3,
2020-10-21 00:00:00,411.5,418.8,411.3,417.3,
2020-10-22 00:00:00,417.0,422.3,414.0,420.0,
2020-10-23 00:00:00,418.3,423.0,417.5,423.0,
2020-10-26 00:00:00,422.7,422.7,416.2,420.7,
2020-10-27 00:00:00,419.8,425.3,418.8,419.1,
2020-10-28 00:00:00,417.7,418.2,403.7,405.0,
2020-10-29 00:00:00,404.2,407.2,396.2,401.5,
2020-10-30 00:00:00,400.2,403.0,397.5,401.5,
2020-11-02 01:00:00,398.8,401.1,396.3,400.8,
2020-11-03 01:00:00,399.1,406.3,398.6,403.6,
2020-11-04 01:00:00,402.4,409.2,399.9,408.4,
2020-11-05 01:00:00,408.0,420.8,407.5,412.0,
2020-11-06 01:00:00,412.6,415.6,409.4,410.6,
2020-11-09 01:00:00,409.1,413.6,405.6,411.3,
2020-11-10 01:00:00,410.8,431.0,410.3,426.3,
2020-11-11 01:00:00,426.2,431.9,420.5,421.5,
2020-11-12 01:00:00,421.5,423.0,410.7,413.0,
2020-11-13 01:00:00,412.4,417.9,408.4,415.4,
2020-11-16 01:00:00,414.5,421.7,414.2,421.7,
2020-11-17 01:00:00,423.3,427.3,423.3,425.8,
2020-11-18 01:00:00,424.9,433.9,424.6,431.1,
2020-11-19 01:00:00,429.8,430.8,424.3,428.0,
2020-11-20 01:00:00,427.4,433.2,426.9,428.7,
2020-11-23 01:00:00,432.7,434.9,428.9,431.9,
2020-11-24 01:00:00,431.6,432.1,422.3,431.6,
2020-11-25 01:00:00,432.4,433.6,426.1,426.1,
2020-11-27 01:00:00,428.6,435.4,425.9,435.4,
2020-11-30 01:00:00,435.1,439.4,424.4,426.6,
2020-12-01 01:00:00,426.9,428.9,420.4,420.4,
2020-12-02 01:00:00,420.6,424.6,414.6,423.6,
2020-12-03 01:00:00,424.1,427.4,422.1,426.4,
2020-12-04 01:00:00,426.3,426.9,419.4,420.1,
2020-12-07 01:00:00,419.4,425.1,415.4,422.6,
2020-12-08 01:00:00,422.4,424.4,418.6,420.1,
2020-12-09 01:00:00,420.1,424.4,419.9,423.4,
2020-12-10 01:00:00,423.9,427.4,420.6,422.1,
2020-12-11 01:00:00,422.6,424.4,418.1,423.9,
2020-12-14 01:00:00,423.6,428.4,421.4,424.4,
2020-12-15 01:00:00,423.9,425.4,420.4,425.1,
2020-12-16 01:00:00,425.4,429.4,423.9,426.6,
2020-12-17 01:00:00,426.1,432.9,424.4,432.4,
2020-12-18 01:00:00,432.1,438.4,432.1,437.1,
2020-12-21 01:00:00,438.1,440.6,430.3,440.1,
2020-12-22 01:00:00,439.9,444.1,437.1,442.8,
2020-12-23 01:00:00,442.6,449.6,441.4,447.0,
2020-12-24 01:00:00,446.9,451.4,446.4,450.6,
2020-12-28 01:00:00,451.9,457.4,448.1,456.6,
2020-12-29 01:00:00,455.6,467.1,453.6,466.1,
2020-12-30 01:00:00,465.6,475.9,462.1,474.1,
2020-12-31 01:00:00,473.4,485.6,473.1,485.6,
2021-01-04 01:00:00,487.1,497.6,479.6,484.9,
2021-01-05 01:00:00,484.9,495.9,482.4,493.1,
2021-01-06 01:00:00,492.5,502.6,491.6,495.9,
2021-01-07 01:00:00,494.9,495.9,487.1,494.4,
2021-01-08 01:00:00,493.6,499.4,492.6,496.9,
2021-01-11 01:00:00,496.6,500.4,490.4,491.6,
2021-01-12 01:00:00,491.6,517.4,489.1,517.4,
2021-01-13 01:00:00,524.4,541.4,522.4,524.1,
2021-01-14 01:00:00,523.0,536.5,519.2,534.2,
2021-01-15 01:00:00,534.2,536.6,528.1,530.7,
2021-01-19 01:00:00,531.8,534.5,523.8,525.3,
2021-01-20 01:00:00,525.0,526.8,513.3,521.8,
2021-01-21 01:00:00,521.3,531.8,519.8,523.8,
2021-01-22 01:00:00,523.1,523.1,499.6,499.6,
2021-01-25 01:00:00,500.7,516.0,493.2,512.0,
2021-01-26 01:00:00,514.0,534.8,508.8,532.1,
2021-01-27 01:00:00,533.1,544.3,530.3,534.1,
2021-01-28 01:00:00,534.1,551.2,529.8,534.3,
2021-01-29 01:00:00,534.8,554.3,534.1,547.7,
2021-02-01 01:00:00,549.6,556.3,539.6,550.6,
2021-02-02 01:00:00,550.2,553.0,540.9,543.5,
2021-02-03 01:00:00,543.6,552.9,537.1,552.4,
2021-02-04 01:00:00,552.2,558.2,547.4,549.7,
2021-02-05 01:00:00,549.1,552.3,545.8,549.1,
2021-02-08 01:00:00,549.0,565.7,549.0,564.9,
2021-02-09 01:00:00,565.1,573.3,545.1,555.8,
2021-02-10 01:00:00,555.7,556.0,531.8,532.5,
2021-02-11 01:00:00,532.2,546.2,524.4,539.6,
2021-02-12 01:00:00,540.7,546.1,536.6,539.1,
2021-02-16 01:00:00,546.5,552.0,537.9,551.0,
2021-02-17 01:00:00,551.1,553.8,546.8,551.6,
2021-02-18 01:00:00,551.6,553.6,546.9,548.9,
2021-02-19 01:00:00,548.0,554.4,539.8,541.9,
2021-02-22 01:00:00,543.3,550.3,542.5,549.8,
2021-02-23 01:00:00,549.7,558.5,549.2,553.4,
2021-02-24 01:00:00,552.3,559.8,550.8,558.0,
2021-02-25 01:00:00,556.6,557.9,541.1,549.3,
2021-02-26 01:00:00,548.1,549.1,540.1,549.1,
2021-03-01 01:00:00,552.7,553.9,536.9,538.1,
2021-03-02 01:00:00,537.4,548.0,531.2,543.7,
2021-03-03 01:00:00,543.3,543.5,532.3,534.0,
2021-03-04 01:00:00,534.3,540.1,528.8,531.8,
2021-03-05 01:00:00,530.6,546.4,529.1,546.1,
2021-03-08 01:00:00,547.9,555.1,535.9,545.9,
2021-03-09 01:00:00,545.2,546.0,535.2,544.0,
2021-03-10 01:00:00,543.8,544.0,529.8,531.0,
2021-03-11 01:00:00,531.1,539.8,529.6,535.8,
2021-03-12 01:00:00,535.4,538.4,529.1,538.4,
2021-03-15 00:00:00,534.7,548.4,530.7,545.8,
2021-03-16 00:00:00,547.0,553.0,544.5,551.2,
2021-03-17 00:00:00,551.0,555.8,549.5,553.5,
2021-03-18 00:00:00,553.7,555.0,542.5,543.4,
2021-03-19 00:00:00,543.7,555.7,542.4,555.7,
2021-03-22 00:00:00,554.3,555.2,543.3,547.0,
2021-03-23 00:00:00,546.9,551.9,543.9,547.9,
2021-03-24 00:00:00,546.7,549.2,544.0,548.0,
2021-03-25 00:00:00,547.4,547.7,536.9,541.7,
2021-03-26 00:00:00,542.3,548.9,539.0,546.9,
2021-03-29 00:00:00,546.6,546.6,537.1,540.3,
2021-03-30 00:00:00,540.3,541.8,528.2,532.3,
2021-03-31 00:00:00,532.4,558.4,530.4,558.4,
2021-04-01 00:00:00,569.5,578.0,550.2,552.5,
2021-04-05 00:00:00,554.1,557.1,542.6,545.6,
2021-04-06 00:00:00,546.8,554.1,545.1,547.3,
2021-04-07 00:00:00,548.2,554.5,546.3,553.7,
2021-04-08 00:00:00,553.0,575.0,551.5,571.5,
2021-04-09 00:00:00,570.5,586.0,567.2,567.2,
2021-04-12 00:00:00,577.88,585.88,567.38,567.75,
2021-04-13 00:00:00,568.88,584.38,565.63,580.13,
2021-04-14 00:00:00,579.63,597.63,578.88,594.13,
2021-04-15 00:00:00,595.0,601.38,587.63,590.13,
2021-04-16 00:00:00,590.63,594.88,583.38,583.38,
2021-04-19 00:00:00,589.0,596.63,588.38,592.5,
2021-04-20 00:00:00,593.13,611.63,592.88,608.0,
2021-04-21 00:00:00,609.38,628.38,604.5,624.63,
2021-04-22 00:00:00,624.13,650.63,623.63,650.63,
2021-04-23 00:00:00,653.38,658.25,638.38,658.25,
2021-04-26 00:00:00,660.88,681.25,660.88,680.63,
2021-04-27 00:00:00,689.38,722.75,680.63,699.88,
2021-04-28 00:00:00,697.13,721.75,676.38,681.88,
2021-04-29 00:00:00,684.38,704.5,681.13,701.75,
2021-04-30 00:00:00,647.88,673.63,645.63,673.63,
2021-05-03 00:00:00,684.88,697.88,674.13,680.5,
2021-05-04 00:00:00,681.38,703.88,675.88,697.63,
2021-05-05 00:00:00,698.38,711.75,691.38,707.63,
2021-05-06 00:00:00,710.13,722.38,705.63,719.63,
2021-05-07 00:00:00,720.0,735.13,715.63,731.13,
2021-05-10 00:00:00,726.38,730.75,708.63,713.38,
2021-05-11 00:00:00,710.88,732.38,703.38,723.88,
2021-05-12 00:00:00,724.13,731.13,704.0,714.25,
2021-05-13 00:00:00,712.38,713.88,674.63,674.63,
2021-05-14 00:00:00,670.13,686.88,641.88,645.13,
2021-05-17 00:00:00,640.75,656.38,633.25,652.13,
2021-05-18 00:00:00,654.63,669.38,652.63,659.38,
2021-05-19 00:00:00,661.0,662.88,637.13,660.88,
2021-05-20 00:00:00,662.5,671.13,656.63,663.38,
2021-05-21 00:00:00,664.75,666.63,653.63,656.75,
2021-05-24 00:00:00,652.13,658.38,645.63,657.88,
2021-05-25 00:00:00,660.13,661.75,617.13,620.5,
2021-05-26 00:00:00,621.63,628.88,603.13,624.88,
2021-05-27 00:00:00,626.38,664.63,621.38,664.63,
2021-05-28 00:00:00,666.63,672.63,651.88,651.88,
2021-06-01 00:00:00,666.25,696.88,660.63,687.75,
2021-06-02 00:00:00,683.38,694.0,666.13,675.13,
2021-06-03 00:00:00,675.63,684.88,652.88,660.13,
2021-06-04 00:00:00,663.63,685.38,660.88,680.88,
2021-06-07 00:00:00,694.88,706.38,674.63,677.38,
2021-06-08 00:00:00,681.63,698.13,677.75,682.13,
2021-06-09 00:00:00,682.0,695.38,669.63,689.38,
2021-06-10 00:00:00,691.63,717.25,687.88,698.5,
2021-06-11 00:00:00,699.63,702.88,673.13,685.13,
2021-06-14 00:00:00,675.88,675.88,653.25,658.5,
2021-06-15 00:00:00,663.5,668.63,646.88,666.38,
2021-06-16 00:00:00,669.88,687.88,663.88,670.88,
2021-06-17 00:00:00,671.5,674.13,632.88,632.88,
2021-06-18 00:00:00,630.63,663.13,629.63,663.13,
2021-06-21 00:00:00,639.5,664.88,636.25,660.38,
2021-06-22 00:00:00,663.38,668.13,653.63,660.5,
2021-06-23 00:00:00,660.88,666.13,659.38,662.5,
2021-06-24 00:00:00,663.25,663.38,650.88,653.38,
2021-06-25 00:00:00,652.88,659.38,634.13,637.38,
2021-06-28 00:00:00,637.13,676.63,637.13,675.13,
2021-06-29 00:00:00,678.5,699.88,668.13,693.63,
2021-06-30 00:00:00,557.25,599.38,540.88,599.38,
2021-07-01 00:00:00,606.13,625.88,597.75,600.88,
2021-07-02 00:00:00,600.25,611.63,588.13,588.13,
2021-07-06 00:00:00,567.13,567.13,551.5,551.88,
2021-07-07 00:00:00,551.13,557.88,531.63,543.75,
2021-07-08 00:00:00,545.88,549.63,534.38,536.0,
2021-07-09 00:00:00,537.13,537.13,520.88,526.0,
2021-07-12 00:00:00,528.13,546.13,527.13,543.63,
2021-07-13 00:00:00,543.63,558.25,539.13,551.38,
2021-07-14 00:00:00,550.75,571.75,547.13,569.13,
2021-07-15 00:00:00,568.63,571.63,561.13,562.75,
2021-07-16 00:00:00,563.75,570.38,553.5,554.13,
2021-07-19 00:00:00,569.88,571.38,548.75,555.88,
2021-07-20 00:00:00,557.88,576.38,557.5,572.0,
2021-07-21 00:00:00,572.25,578.88,567.63,571.5,
2021-07-22 00:00:00,571.38,571.63,554.88,565.5,
2021-07-23 00:00:00,565.88,569.13,544.75,546.63,
2021-07-26 00:00:00,549.13,551.0,536.88,549.25,
2021-07-27 00:00:00,554.38,563.88,544.38,549.25,
2021-07-28 00:00:00,552.38,553.88,545.13,549.88,
2021-07-29 00:00:00,549.38,558.88,546.63,557.38,
2021-07-30 00:00:00,556.75,557.88,546.38,546.63,
2021-08-02 00:00:00,547.38,559.13,540.63,558.13,
2021-08-03 00:00:00,556.0,563.38,546.88,551.0,
2021-08-04 00:00:00,550.88,555.25,540.38,547.5,
2021-08-05 00:00:00,546.88,560.63,546.0,555.88,
2021-08-06 00:00:00,554.88,560.38,548.88,560.38,
2021-08-09 00:00:00,553.88,556.13,547.38,550.75,
2021-08-10 00:00:00,548.38,550.38,544.13,549.63,
2021-08-11 00:00:00,548.63,558.38,548.38,555.38,
2021-08-12 00:00:00,554.5,589.63,548.63,565.13,
2021-08-13 00:00:00,565.88,574.88,559.13,567.88,
2021-08-16 00:00:00,568.13,571.88,561.13,565.0,
2021-08-17 00:00:00,568.25,569.5,556.38,559.63,
2021-08-18 00:00:00,559.25,563.38,556.63,560.38,
2021-08-19 00:00:00,560.38,560.63,546.63,550.5,
2021-08-20 00:00:00,550.63,554.5,533.63,533.63,
2021-08-23 00:00:00,536.13,544.25,531.63,538.75,
2021-08-24 00:00:00,540.25,546.63,537.13,543.88,
2021-08-25 00:00:00,544.25,555.13,541.38,550.38,
2021-08-26 00:00:00,549.38,555.63,547.88,552.13,
2021-08-27 00:00:00,553.13,558.63,549.0,557.75,
2021-08-30 00:00:00,557.13,559.88,531.38,540.5,
2021-08-31 00:00:00,542.38,545.38,525.38,534.88,
2021-09-01 00:00:00,535.13,536.13,518.38,522.38,
2021-09-02 00:00:00,522.88,528.38,516.88,524.88,
2021-09-03 00:00:00,524.63,527.88,520.13,527.88,
2021-09-07 00:00:00,524.13,526.38,510.38,510.38,
2021-09-08 00:00:00,511.13,516.63,507.88,510.63,
2021-09-09 00:00:00,510.38,513.13,504.38,511.75,
2021-09-10 00:00:00,509.88,523.88,497.75,516.75,
2021-09-13 00:00:00,517.5,519.13,507.63,513.75,
2021-09-14 00:00:00,513.63,521.38,513.13,521.38,
2021-09-15 00:00:00,521.25,534.5,520.38,534.38,
2021-09-16 00:00:00,533.88,537.38,528.13,529.38,
2021-09-17 00:00:00,528.88,530.38,521.63,527.75,
2021-09-20 00:00:00,526.88,526.88,515.38,522.25,
2021-09-21 00:00:00,522.13,522.38,512.63,516.38,
2021-09-22 00:00:00,516.88,526.13,516.0,525.13,
2021-09-23 00:00:00,524.38,530.88,520.38,529.13,
2021-09-24 00:00:00,528.13,528.63,524.13,525.88,
2021-09-27 00:00:00,524.63,539.88,524.13,539.38,
2021-09-28 00:00:00,538.38,541.63,532.13,532.88,
2021-09-29 00:00:00,534.38,540.88,533.88,539.38,
2021-09-30 00:00:00,538.88,548.38,527.38,537.5,
2021-10-01 00:00:00,536.63,545.13,532.13,545.13,
2021-10-04 00:00:00,539.63,547.38,536.13,540.75,
2021-10-05 00:00:00,539.88,542.88,535.13,536.88,
2021-10-06 00:00:00,537.13,544.63,531.63,532.63,
2021-10-07 00:00:00,532.88,535.38,527.38,533.63,
2021-10-08 00:00:00,533.25,538.63,530.13,530.25,
2021-10-11 00:00:00,530.13,533.88,528.88,533.13,
2021-10-12 00:00:00,532.63,532.88,519.38,523.63,
2021-10-13 00:00:00,523.13,525.13,506.88,511.38,
2021-10-14 00:00:00,512.63,518.13,511.13,516.38,
2021-10-15 00:00:00,516.38,528.38,514.38,527.13,
2021-10-18 00:00:00,525.63,533.63,523.13,532.88,
2021-10-19 00:00:00,531.88,536.88,529.63,530.13,
2021-10-20 00:00:00,530.13,539.88,528.63,539.88,
2021-10-21 00:00:00,538.88,539.88,530.63,532.38,
2021-10-22 00:00:00,532.88,539.88,532.13,539.88,
2021-10-25 00:00:00,537.13,542.0,535.13,538.13,
2021-10-26 00:00:00,537.88,547.13,533.13,542.38,
2021-10-27 00:00:00,542.13,563.38,539.63,557.88,
2021-10-28 00:00:00,556.38,568.63,554.13,563.13,
2021-10-29 00:00:00,562.63,569.13,558.63,569.13,
2021-11-01 00:00:00,567.88,581.88,565.38,579.13,
2021-11-02 00:00:00,577.88,585.88,572.13,572.38,
2021-11-03 00:00:00,572.0,573.13,563.13,563.25,
2021-11-04 00:00:00,563.38,569.63,556.63,559.13,
2021-11-05 00:00:00,559.75,562.63,552.38,553.0,
2021-11-08 01:00:00,551.88,554.88,549.63,551.88,
2021-11-09 01:00:00,550.88,563.88,547.88,555.63,
2021-11-10 01:00:00,555.63,571.63,555.13,568.13,
2021-11-11 01:00:00,567.63,578.88,566.13,569.38,
2021-11-12 01:00:00,569.38,581.88,566.63,581.88,
2021-11-15 01:00:00,576.38,578.63,569.88,576.13,
2021-11-16 01:00:00,575.88,577.38,570.13,570.38,
2021-11-17 01:00:00,570.38,583.75,570.13,575.13,
2021-11-18 01:00:00,575.0,582.63,572.13,573.13,
2021-11-19 01:00:00,573.13,575.88,568.13,570.63,
2021-11-22 01:00:00,570.38,578.88,570.25,576.63,
2021-11-23 01:00:00,575.88,580.88,572.63,580.88,
2021-11-24 01:00:00,580.13,588.88,575.63,579.63,
2021-11-26 01:00:00,571.0,587.88,566.75,587.88,
2021-11-29 01:00:00,585.88,588.13,576.63,582.0,
2021-11-30 01:00:00,582.63,583.13,562.63,568.63,
2021-12-01 01:00:00,569.0,576.38,567.38,571.13,
2021-12-02 01:00:00,570.63,581.38,569.63,577.25,
2021-12-03 01:00:00,576.63,586.88,575.38,585.0,
2021-12-06 01:00:00,585.13,585.38,575.88,584.38,
2021-12-07 01:00:00,584.38,588.63,578.63,586.13,
2021-12-08 01:00:00,584.88,589.38,583.38,587.63,
2021-12-09 01:00:00,587.13,593.13,582.63,591.13,
2021-12-10 01:00:00,590.38,594.13,586.88,590.13,
2021-12-13 01:00:00,589.88,589.88,582.38,584.63,
2021-12-14 01:00:00,584.88,593.88,581.38,590.25,
2021-12-15 01:00:00,590.13,596.38,581.88,586.38,
2021-12-16 01:00:00,587.63,591.88,584.38,591.13,
2021-12-17 01:00:00,590.38,598.63,589.38,592.38,
2021-12-20 01:00:00,594.88,595.5,587.13,591.13,
2021-12-21 01:00:00,591.25,598.88,589.63,598.0,
2021-12-22 01:00:00,597.38,606.63,597.13,602.38,
2021-12-23 01:00:00,601.25,606.88,600.63,606.88,
2021-12-27 01:00:00,608.38,615.38,607.13,614.38,
2021-12-28 01:00:00,614.13,617.38,603.63,604.13,
2021-12-29 01:00:00,604.13,610.63,599.63,605.63,
2021-12-30 01:00:00,605.63,606.13,592.75,595.38,
2021-12-31 01:00:00,595.63,599.38,592.63,592.63,
2022-01-03 01:00:00,599.13,603.38,584.88,589.88,
2022-01-04 01:00:00,591.75,611.13,591.63,609.13,
2022-01-05 01:00:00,608.63,609.63,601.38,602.5,
2022-01-06 01:00:00,601.75,605.88,596.13,604.5,
2022-01-07 01:00:00,605.38,608.13,598.88,606.88,
2022-01-10 01:00:00,605.38,607.88,596.38,599.25,
2022-01-11 01:00:00,599.88,604.63,597.88,601.13,
2022-01-12 01:00:00,600.88,603.75,591.13,598.38,
2022-01-13 01:00:00,598.88,599.63,585.38,587.0,
2022-01-14 01:00:00,587.63,598.13,585.38,598.13,
2022-01-18 01:00:00,592.63,600.88,588.38,600.13,
2022-01-19 01:00:00,600.13,614.38,600.13,610.38,
2022-01-20 01:00:00,609.25,614.13,606.38,610.13,
2022-01-21 01:00:00,607.88,618.63,604.5,618.63,
2022-01-24 01:00:00,617.38,621.63,609.38,621.38,
2022-01-25 01:00:00,619.88,631.0,618.63,619.13,
2022-01-26 01:00:00,619.13,627.63,615.13,626.13,
2022-01-27 01:00:00,625.13,627.63,621.38,623.88,
2022-01-28 01:00:00,623.38,637.38,623.25,637.38,
2022-01-31 01:00:00,635.63,642.38,622.63,624.88,
2022-02-01 01:00:00,626.13,639.38,624.63,634.63,
2022-02-02 01:00:00,634.63,640.63,616.88,622.13,
2022-02-03 01:00:00,622.38,624.25,610.38,617.38,
2022-02-04 01:00:00,618.38,623.13,613.5,621.75,
2022-02-07 01:00:00,628.63,636.63,624.88,636.63,
2022-02-08 01:00:00,636.38,636.38,627.38,632.38,
2022-02-09 01:00:00,632.75,647.63,630.63,646.38,
2022-02-10 01:00:00,645.63,662.63,638.88,642.0,
2022-02-11 01:00:00,640.75,657.63,638.13,657.63,
2022-02-14 01:00:00,651.25,656.88,642.63,656.75,
2022-02-15 01:00:00,654.25,655.25,635.63,637.13,
2022-02-16 01:00:00,637.88,647.88,636.38,645.75,
2022-02-17 01:00:00,645.13,651.88,642.63,648.63,
2022-02-18 01:00:00,648.88,657.88,647.13,657.88,
2022-02-22 01:00:00,657.88,676.63,657.88,676.38,
2022-02-23 01:00:00,673.13,684.88,669.63,681.63,
2022-02-24 01:00:00,683.38,718.88,681.88,691.0,
2022-02-25 01:00:00,698.75,706.88,657.38,659.38,
2022-02-28 01:00:00,685.25,690.88,673.63,690.88,
2022-03-01 01:00:00,694.88,725.88,693.13,725.88,
2022-03-02 01:00:00,730.38,747.63,712.25,726.88,
2022-03-03 01:00:00,725.75,760.13,722.13,747.38,
2022-03-04 01:00:00,756.13,782.88,734.0,751.88,
2022-03-07 01:00:00,772.63,779.88,736.63,750.75,
2022-03-08 01:00:00,748.88,760.38,728.88,753.38,
2022-03-09 01:00:00,753.38,759.5,731.13,732.88,
2022-03-10 01:00:00,732.75,765.38,729.13,754.75,
2022-03-11 01:00:00,752.75,764.25,744.25,762.88,
2022-03-14 00:00:00,762.0,767.13,740.13,745.13,
2022-03-15 00:00:00,745.63,758.75,736.13,757.88,
2022-03-16 00:00:00,756.63,756.75,726.63,730.38,
2022-03-17 00:00:00,729.88,757.38,729.13,753.5,
2022-03-18 00:00:00,753.25,754.88,736.38,742.0,
2022-03-21 00:00:00,746.63,764.88,742.88,756.63,
2022-03-22 00:00:00,756.63,760.88,744.38,751.63,
2022-03-23 00:00:00,752.0,770.38,749.13,756.88,
2022-03-24 00:00:00,757.0,762.38,745.13,747.63,
2022-03-25 00:00:00,748.63,755.13,742.75,753.5,
2022-03-28 00:00:00,749.13,750.13,740.63,746.75,
2022-03-29 00:00:00,745.63,747.38,713.25,728.13,
2022-03-30 00:00:00,727.38,748.63,727.38,738.75,
2022-03-31 00:00:00,739.38,769.88,732.5,747.38,
2022-04-01 00:00:00,749.0,751.38,730.38,733.5,
2022-04-04 00:00:00,737.38,752.13,735.0,749.38,
2022-04-05 00:00:00,750.38,767.88,750.13,760.38,
2022-04-06 00:00:00,759.25,761.63,750.38,755.5,
2022-04-07 00:00:00,755.63,759.13,748.63,758.13,
2022-04-08 00:00:00,756.63,772.88,752.88,772.88,
2022-04-11 00:00:00,766.88,777.75,761.88,764.63,
2022-04-12 00:00:00,765.25,778.63,765.25,774.88,
2022-04-13 00:00:00,774.25,786.13,767.38,784.13,
2022-04-14 00:00:00,783.13,792.88,781.25,792.88,
2022-04-18 00:00:00,790.75,816.63,790.38,812.38,
2022-04-19 00:00:00,813.0,819.63,799.88,802.88,
2022-04-20 00:00:00,803.38,816.5,796.88,815.13,
2022-04-21 00:00:00,813.13,814.38,797.63,798.75,
2022-04-22 00:00:00,798.63,807.63,783.38,792.0,
2022-04-25 00:00:00,796.75,802.13,784.63,799.63,
2022-04-26 00:00:00,801.13,812.38,795.13,803.88,
2022-04-27 00:00:00,802.25,820.38,797.5,818.13,
2022-04-28 00:00:00,816.75,823.63,811.13,816.0,
2022-04-29 00:00:00,813.0,824.38,809.88,824.38,
2022-05-02 00:00:00,804.88,808.38,790.38,804.13,
2022-05-03 00:00:00,807.75,813.63,792.13,793.0,
2022-05-04 00:00:00,793.38,803.63,789.38,793.13,
2022-05-05 00:00:00,794.13,801.63,791.13,796.38,
2022-05-06 00:00:00,796.13,796.63,776.63,786.63,
2022-05-09 00:00:00,781.75,784.88,769.13,772.75,
2022-05-10 00:00:00,774.5,778.5,769.13,775.63,
2022-05-11 00:00:00,776.38,790.38,775.38,788.88,
2022-05-12 00:00:00,788.5,800.75,782.88,790.63,
2022-05-13 00:00:00,790.13,796.88,777.63,781.88,
2022-05-16 00:00:00,795.13,810.13,792.88,808.38,
2022-05-17 00:00:00,807.75,809.13,797.38,801.75,
2022-05-18 00:00:00,800.63,802.13,778.13,782.63,
2022-05-19 00:00:00,782.0,789.88,773.38,782.5,
2022-05-20 00:00:00,781.25,781.88,774.38,778.0,
2022-05-23 00:00:00,780.13,787.88,774.63,786.25,
2022-05-24 00:00:00,785.13,786.88,762.13,769.88,
2022-05-25 00:00:00,770.13,772.88,755.13,770.63,
2022-05-26 00:00:00,762.13,772.38,757.38,763.63,
2022-05-27 00:00:00,764.63,780.63,761.38,780.63,
2022-05-31 00:00:00,777.13,777.13,747.38,752.88,
2022-06-01 00:00:00,754.13,756.13,720.38,729.63,
2022-06-02 00:00:00,731.25,739.13,726.63,728.88,
2022-06-03 00:00:00,729.63,735.88,725.75,727.75,
2022-06-06 00:00:00,732.0,744.13,731.88,742.88,
2022-06-07 00:00:00,739.0,764.88,735.13,757.13,
2022-06-08 00:00:00,757.13,774.13,756.13,763.75,
2022-06-09 00:00:00,764.38,782.63,758.13,772.0,
2022-06-10 00:00:00,772.13,780.88,765.88,773.38,
2022-06-13 00:00:00,780.63,782.13,758.75,766.5,
2022-06-14 00:00:00,766.5,770.88,759.13,766.88,
2022-06-15 00:00:00,767.13,779.63,762.13,774.25,
2022-06-16 00:00:00,773.88,791.88,772.88,787.63,
2022-06-17 00:00:00,787.63,799.88,782.13,785.38,
2022-06-21 00:00:00,777.38,778.38,752.38,760.75,
2022-06-22 00:00:00,762.38,770.38,754.63,766.38,
2022-06-23 00:00:00,766.5,766.75,734.38,744.0,
2022-06-24 00:00:00,745.75,762.13,735.13,762.13,
2022-06-27 00:00:00,740.13,746.25,731.13,743.25,
2022-06-28 00:00:00,748.13,762.88,744.5,756.75,
2022-06-29 00:00:00,757.75,779.88,755.63,770.5,
2022-06-30 00:00:00,664.13,664.13,627.88,633.13,
2022-07-01 00:00:00,634.25,636.63,616.38,619.5,
2022-07-05 00:00:00,615.13,615.88,582.63,590.75,
2022-07-06 00:00:00,595.38,601.38,582.13,600.13,
2022-07-07 00:00:00,601.63,623.63,601.13,609.0,
2022-07-08 00:00:00,610.5,635.38,608.88,635.38,
2022-07-11 00:00:00,657.25,667.25,634.38,635.13,
2022-07-12 00:00:00,636.63,641.75,591.13,594.38,
2022-07-13 00:00:00,592.25,612.38,584.63,602.5,
2022-07-14 00:00:00,602.88,612.88,595.63,605.63,
2022-07-15 00:00:00,607.25,612.13,595.88,606.13,
2022-07-18 00:00:00,610.5,623.38,601.38,611.25,
2022-07-19 00:00:00,609.63,610.88,585.88,597.13,
2022-07-20 00:00:00,594.75,600.63,589.13,592.63,
2022-07-21 00:00:00,593.0,593.0,573.13,574.88,
2022-07-22 00:00:00,574.88,582.63,561.63,562.25,
2022-07-25 00:00:00,574.5,580.88,566.38,578.63,
2022-07-26 00:00:00,587.5,599.88,586.63,595.63,
2022-07-27 00:00:00,596.88,604.38,591.63,601.75,
2022-07-28 00:00:00,602.25,617.88,601.5,614.88,
2022-07-29 00:00:00,615.25,631.88,611.75,611.75,
2022-08-01 00:00:00,620.25,621.38,594.5,608.0,
2022-08-02 00:00:00,602.25,605.13,589.38,590.13,
2022-08-03 00:00:00,586.38,596.88,583.13,590.63,
2022-08-04 00:00:00,591.38,606.88,585.88,602.38,
2022-08-05 00:00:00,601.88,614.13,596.75,608.88,
2022-08-08 00:00:00,603.5,616.13,601.75,609.38,
2022-08-09 00:00:00,614.88,626.13,613.63,615.63,
2022-08-10 00:00:00,615.13,632.38,612.88,621.63,
2022-08-11 00:00:00,620.75,630.63,618.75,629.63,
2022-08-12 00:00:00,628.88,640.38,616.13,636.88,
2022-08-15 00:00:00,630.5,635.25,616.38,626.13,
2022-08-16 00:00:00,623.5,627.88,608.13,611.25,
2022-08-17 00:00:00,610.63,618.38,608.63,615.88,
2022-08-18 00:00:00,614.75,624.13,608.13,619.25,
2022-08-19 00:00:00,618.63,627.38,616.13,627.38,
2022-08-22 00:00:00,621.13,635.13,618.13,632.5,
2022-08-23 00:00:00,636.5,666.88,635.88,660.5,
2022-08-24 00:00:00,660.38,675.5,655.63,664.25,
2022-08-25 00:00:00,665.75,674.38,656.63,657.75,
2022-08-26 00:00:00,656.0,670.75,654.88,670.13,
2022-08-29 00:00:00,674.88,684.25,668.38,683.0,
2022-08-30 00:00:00,681.5,682.88,671.38,681.63,
2022-08-31 00:00:00,677.75,680.63,661.13,670.75,
2022-09-01 00:00:00,663.0,671.0,654.2,658.6,
2022-09-02 00:00:00,657.8,669.8,656.8,664.6,
2022-09-06 00:00:00,666.28,676.78,662.03,676.28,
2022-09-07 00:00:00,674.88,688.38,669.63,670.88,
2022-09-08 00:00:00,671.48,675.85,659.73,669.73,
2022-09-09 00:00:00,670.08,686.33,669.83,685.58,
2022-09-12 00:00:00,682.08,700.08,676.58,694.83,
2022-09-13 00:00:00,695.95,698.83,689.08,691.33,
2022-09-14 00:00:00,691.3,693.43,682.18,682.8,
2022-09-15 00:00:00,682.03,690.78,677.28,677.4,
2022-09-16 00:00:00,677.63,681.63,668.63,680.13,
2022-09-19 00:00:00,676.38,680.88,669.38,679.13,
2022-09-20 00:00:00,678.73,694.48,678.73,692.73,
2022-09-21 00:00:00,692.95,699.45,680.58,687.08,
2022-09-22 00:00:00,685.05,692.43,682.68,688.55,
2022-09-23 00:00:00,688.4,689.15,671.03,676.65,
2022-09-26 00:00:00,674.88,680.38,666.88,667.38,
2022-09-27 00:00:00,668.13,679.38,667.75,669.88,
2022-09-28 00:00:00,669.98,674.73,663.23,672.48,
2022-09-29 00:00:00,672.08,678.33,667.83,671.08,
2022-09-30 00:00:00,671.55,697.68,671.3,697.68,
2022-10-03 00:00:00,682.03,689.28,674.53,682.53,
2022-10-04 00:00:00,682.63,693.38,678.75,685.88,
2022-10-05 00:00:00,684.48,689.48,677.98,686.23,
2022-10-06 00:00:00,685.7,687.7,674.33,677.95,
2022-10-07 00:00:00,677.68,686.68,673.93,685.43,
2022-10-10 00:00:00,686.28,708.65,685.9,699.65,
2022-10-11 00:00:00,699.38,704.38,693.38,695.25,
2022-10-12 00:00:00,695.98,702.48,682.73,695.6,
2022-10-13 00:00:00,694.7,702.08,686.58,700.33,
2022-10-14 00:00:00,699.68,702.18,691.43,693.93,
2022-10-17 00:00:00,691.53,695.03,684.28,685.78,
2022-10-18 00:00:00,685.88,686.63,677.63,684.63,
2022-10-19 00:00:00,683.73,687.48,677.23,681.48,
2022-10-20 00:00:00,680.58,690.08,680.08,687.2,
2022-10-21 00:00:00,685.93,691.18,681.18,691.05,
2022-10-24 00:00:00,685.53,689.78,680.78,685.28,
2022-10-25 00:00:00,685.13,691.13,681.38,688.13,
2022-10-26 00:00:00,687.98,693.23,686.85,689.23,
2022-10-27 00:00:00,688.23,692.73,682.98,685.48,
2022-10-28 00:00:00,684.58,687.33,680.08,683.58,
2022-10-31 00:00:00,699.93,703.68,688.18,693.68,
2022-11-01 00:00:00,693.65,702.28,691.28,700.78,
2022-11-02 00:00:00,700.03,701.03,684.03,690.53,
2022-11-03 00:00:00,689.88,690.38,682.63,682.63,
2022-11-04 00:00:00,683.23,689.23,682.73,684.48,
2022-11-07 01:00:00,683.33,685.08,679.58,679.58,
2022-11-08 01:00:00,680.18,681.18,670.68,671.18,
2022-11-09 01:00:00,671.78,676.03,662.53,668.28,
2022-11-10 01:00:00,669.13,671.63,657.38,657.38,
2022-11-11 01:00:00,658.48,665.48,658.23,662.6,
2022-11-14 01:00:00,661.48,666.48,656.98,661.85,
2022-11-15 01:00:00,661.15,679.53,655.78,670.53,
2022-11-16 01:00:00,669.05,670.18,661.93,669.18,
2022-11-17 01:00:00,668.98,672.23,658.73,671.73,
2022-11-18 01:00:00,671.28,676.53,669.28,670.78,
2022-11-21 01:00:00,670.18,670.18,661.18,663.55,
2022-11-22 01:00:00,663.18,666.93,660.18,661.3,
2022-11-23 01:00:00,661.48,667.23,659.23,665.98,
2022-11-25 01:00:00,665.03,673.03,664.53,673.03,
2022-11-28 01:00:00,668.55,673.18,664.43,671.93,
2022-11-29 01:00:00,669.63,673.88,668.13,669.38,
2022-11-30 01:00:00,668.63,672.63,664.38,665.88,
2022-12-01 01:00:00,666.38,668.88,659.38,659.88,
2022-12-02 01:00:00,660.13,660.38,645.75,646.63,
2022-12-05 01:00:00,646.88,648.88,637.88,640.63,
2022-12-06 01:00:00,641.38,645.38,635.63,637.38,
2022-12-07 01:00:00,638.13,645.88,635.13,642.13,
2022-12-08 01:00:00,643.13,645.13,638.38,642.13,
2022-12-09 01:00:00,642.5,649.63,642.13,643.75,
2022-12-12 01:00:00,644.88,655.13,644.63,654.88,
2022-12-13 01:00:00,654.38,659.88,652.38,652.63,
2022-12-14 01:00:00,653.0,653.38,646.63,651.25,
2022-12-15 01:00:00,650.13,654.13,647.88,653.88,
2022-12-16 01:00:00,653.63,655.63,650.13,653.25,
2022-12-19 01:00:00,650.63,650.63,644.13,647.63,
2022-12-20 01:00:00,647.63,654.13,646.63,652.13,
2022-12-21 01:00:00,651.38,662.88,651.25,662.88,
2022-12-22 01:00:00,661.88,664.63,658.63,659.88,
2022-12-23 01:00:00,659.88,667.63,659.38,666.13,
2022-12-27 01:00:00,668.88,675.63,667.38,674.13,
2022-12-28 01:00:00,673.0,683.38,673.0,683.13,
2022-12-29 01:00:00,681.5,682.13,677.38,679.88,
2022-12-30 01:00:00,679.38,684.88,676.63,678.88,
2023-01-03 01:00:00,677.38,681.13,668.13,672.13,
2023-01-04 01:00:00,671.38,671.75,652.88,654.88,
2023-01-05 01:00:00,654.88,657.63,648.63,653.63,
2023-01-06 01:00:00,653.88,659.38,651.63,653.38,
2023-01-09 01:00:00,655.63,656.88,650.88,652.63,
2023-01-10 01:00:00,651.88,663.88,648.38,654.88,
2023-01-11 01:00:00,653.88,658.88,652.88,656.5,
2023-01-12 01:00:00,655.88,673.38,649.38,672.13,
2023-01-13 01:00:00,670.75,676.63,669.88,676.63,
2023-01-17 01:00:00,671.75,686.88,668.88,686.38,
2023-01-18 01:00:00,684.03,688.53,678.03,680.03,
2023-01-19 01:00:00,679.05,684.93,675.93,675.93,
2023-01-20 01:00:00,675.08,677.58,672.33,672.33,
2023-01-23 01:00:00,673.83,674.2,661.08,666.33,
2023-01-24 01:00:00,666.83,677.08,666.08,676.83,
2023-01-25 01:00:00,676.23,680.48,673.48,673.73,
2023-01-26 01:00:00,673.73,685.1,672.73,681.23,
2023-01-27 01:00:00,681.0,685.38,677.88,682.88,
2023-01-30 01:00:00,684.53,686.53,678.03,683.28,
2023-01-31 01:00:00,682.43,687.93,677.43,678.68,
2023-02-01 01:00:00,678.43,681.18,672.18,680.05,
2023-02-02 01:00:00,679.8,685.18,673.68,673.68,
2023-02-03 01:00:00,673.68,679.18,670.93,676.55,
2023-02-06 01:00:00,676.8,678.68,671.68,677.18,
2023-02-07 01:00:00,676.18,677.93,672.93,673.55,
2023-02-08 01:00:00,672.93,678.68,672.05,677.93,
2023-02-09 01:00:00,677.33,680.08,669.58,670.08,
2023-02-10 01:00:00,669.98,681.73,668.23,679.98,
2023-02-13 01:00:00,679.0,685.38,675.88,683.63,
2023-02-14 01:00:00,682.53,687.03,680.78,681.03,
2023-02-15 01:00:00,680.68,681.18,674.43,674.68,
2023-02-16 01:00:00,675.33,675.83,671.83,674.2,
2023-02-17 01:00:00,674.08,677.58,673.83,676.33,
2023-02-21 01:00:00,678.5,681.88,674.63,679.75,
2023-02-22 01:00:00,678.85,680.48,672.98,673.98,
2023-02-23 01:00:00,674.18,675.43,657.93,660.05,
2023-02-24 01:00:00,660.08,661.83,649.08,649.33,
2023-02-27 01:00:00,650.13,652.25,643.13,643.63,
2023-02-28 01:00:00,643.38,646.63,630.13,630.25,
2023-03-01 01:00:00,631.53,637.53,622.28,635.9,
2023-03-02 01:00:00,636.83,641.33,630.33,633.33,
2023-03-03 01:00:00,634.0,642.13,631.88,640.0,
2023-03-06 01:00:00,637.92,639.67,633.42,637.42,
2023-03-07 01:00:00,636.98,637.73,632.48,634.1,
2023-03-08 01:00:00,634.03,636.15,623.53,624.9,
2023-03-09 01:00:00,624.58,628.33,609.08,611.08,
2023-03-10 01:00:00,611.38,617.38,605.38,617.0,
2023-03-13 00:00:00,617.67,618.42,606.92,611.67,
2023-03-14 00:00:00,610.73,619.73,607.48,618.85,
2023-03-15 00:00:00,622.03,626.78,617.53,622.9,
2023-03-16 00:00:00,623.48,632.48,622.48,629.6,
2023-03-17 00:00:00,630.42,635.92,627.67,631.92,
2023-03-20 00:00:00,630.13,631.13,622.13,629.88,
2023-03-21 00:00:00,628.98,634.85,625.48,626.23,
2023-03-22 00:00:00,627.83,632.08,619.58,629.58,
2023-03-23 00:00:00,628.33,639.58,623.08,626.58,
2023-03-24 00:00:00,625.83,640.08,622.83,639.95,
2023-03-27 00:00:00,637.58,643.33,631.83,641.83,
2023-03-28 00:00:00,640.92,645.42,638.92,641.17,
2023-03-29 00:00:00,641.53,649.28,640.53,644.78,
2023-03-30 00:00:00,643.03,648.03,641.28,643.03,
2023-03-31 00:00:00,641.05,657.18,640.17,651.55,
2023-04-03 00:00:00,651.7,660.58,648.33,649.33,
2023-04-04 00:00:00,648.48,648.98,640.23,644.98,
2023-04-05 00:00:00,644.78,650.78,637.78,642.53,
2023-04-06 00:00:00,642.58,642.58,632.08,634.2,
2023-04-10 00:00:00,633.55,643.67,629.17,643.55,
2023-04-11 00:00:00,641.73,645.98,634.98,639.73,
2023-04-12 00:00:00,638.05,645.67,636.17,643.3,
2023-04-13 00:00:00,641.8,648.05,637.92,639.42,
2023-04-14 00:00:00,638.53,653.28,636.53,653.28,
2023-04-17 00:00:00,649.73,660.98,646.48,660.35,
2023-04-18 00:00:00,657.93,664.68,651.92,659.05,
2023-04-19 00:00:00,655.98,660.48,651.6,653.23,
2023-04-20 00:00:00,650.38,652.38,640.13,642.63,
2023-04-21 00:00:00,640.58,641.7,632.83,632.83,
2023-04-24 00:00:00,635.67,639.92,620.92,622.17,
2023-04-25 00:00:00,619.0,620.38,609.13,615.13,
2023-04-26 00:00:00,612.33,615.83,604.83,605.95,
2023-04-27 00:00:00,601.88,602.5,580.63,581.75,
2023-04-28 00:00:00,581.38,587.63,572.13,584.25,
2023-05-01 00:00:00,583.48,586.48,576.48,583.6,
2023-05-02 00:00:00,582.48,588.73,576.23,576.85,
2023-05-03 00:00:00,575.35,587.73,566.48,584.98,
2023-05-04 00:00:00,585.58,588.08,575.33,585.08,
2023-05-05 00:00:00,584.08,594.33,583.83,592.2,
2023-05-08 00:00:00,590.95,594.08,588.08,589.83,
2023-05-09 00:00:00,587.35,587.98,574.23,578.85,
2023-05-10 00:00:00,577.03,587.78,571.03,585.03,
2023-05-11 00:00:00,581.98,583.23,571.48,572.73,
2023-05-12 00:00:00,570.28,583.03,562.28,572.9,
2023-05-15 00:00:00,570.1,586.85,570.1,581.23,
2023-05-16 00:00:00,578.7,579.58,564.95,568.45,
2023-05-17 00:00:00,567.17,567.92,539.67,546.42,
2023-05-18 00:00:00,545.35,545.48,531.23,538.23,
2023-05-19 00:00:00,537.85,554.73,534.73,539.48,
2023-05-22 00:00:00,536.88,557.38,535.38,552.75,
2023-05-23 00:00:00,550.58,561.33,544.83,558.33,
2023-05-24 00:00:00,556.88,569.13,553.63,567.38,
2023-05-25 00:00:00,565.63,570.88,561.63,569.38,
2023-05-26 00:00:00,566.42,582.92,564.8,582.92,
2023-05-30 00:00:00,576.85,577.85,564.73,567.23,
2023-05-31 00:00:00,566.13,566.25,549.13,564.5,
2023-06-01 00:00:00,562.92,575.67,561.67,563.3,
2023-06-02 00:00:00,560.28,578.78,549.78,576.65,
2023-06-05 00:00:00,576.55,580.92,561.92,564.05,
2023-06-06 00:00:00,566.15,576.28,565.28,572.9,
2023-06-07 00:00:00,569.45,576.08,565.33,565.33,
2023-06-08 00:00:00,560.45,574.83,557.08,570.95,
2023-06-09 00:00:00,567.58,568.58,557.33,564.33,
2023-06-12 00:00:00,566.83,581.33,566.58,575.33,
2023-06-13 00:00:00,572.78,580.78,566.78,567.53,
2023-06-14 00:00:00,565.38,573.13,556.38,562.63,
2023-06-15 00:00:00,562.15,579.78,560.78,576.4,
2023-06-16 00:00:00,575.78,593.78,575.28,592.28,
2023-06-20 00:00:00,595.45,600.08,588.7,596.08,
2023-06-21 00:00:00,603.67,625.17,600.17,624.17,
2023-06-22 00:00:00,619.3,622.92,605.92,611.8,
2023-06-23 00:00:00,608.75,610.88,582.75,583.5,
2023-06-26 00:00:00,589.73,602.73,574.23,590.85,
2023-06-27 00:00:00,593.83,595.33,572.95,575.45,
2023-06-28 00:00:00,566.6,572.1,523.23,533.48,
2023-06-29 00:00:00,534.25,538.13,521.13,522.88,
2023-06-30 00:00:00,526.25,531.88,486.63,488.75,
2023-07-03 00:00:00,485.73,499.23,483.23,488.1,
2023-07-05 00:00:00,498.43,498.43,479.43,485.43,
2023-07-06 00:00:00,488.28,501.15,484.9,500.78,
2023-07-07 00:00:00,501.5,502.13,486.88,486.88,
2023-07-10 00:00:00,490.6,497.48,488.1,492.48,
2023-07-11 00:00:00,490.33,500.33,487.83,495.2,
2023-07-12 00:00:00,494.68,499.93,474.93,476.18,
2023-07-13 00:00:00,477.9,495.28,474.78,494.78,
2023-07-14 00:00:00,494.13,509.38,492.0,508.0,
2023-07-17 00:00:00,512.98,520.98,497.48,500.35,
2023-07-18 00:00:00,498.95,535.83,496.58,527.95,
2023-07-19 00:00:00,527.92,558.55,527.17,546.67,
2023-07-20 00:00:00,546.25,556.13,534.63,538.63,
2023-07-21 00:00:00,537.83,540.33,524.45,540.33,
2023-07-24 00:00:00,536.15,566.28,533.53,563.03,
2023-07-25 00:00:00,561.35,565.98,547.48,559.85,
2023-07-26 00:00:00,558.8,558.8,539.17,543.3,
2023-07-27 00:00:00,542.13,549.25,534.88,535.38,
2023-07-28 00:00:00,535.83,541.33,519.58,541.33,
2023-07-31 00:00:00,518.28,518.28,501.53,505.9,
2023-08-01 00:00:00,506.98,510.98,499.73,500.73,
2023-08-02 00:00:00,501.15,515.53,489.28,490.65,
2023-08-03 00:00:00,490.2,493.33,484.08,485.58,
2023-08-04 00:00:00,487.25,497.38,484.38,497.38,
2023-08-07 00:00:00,489.43,492.43,480.43,488.43,
2023-08-08 00:00:00,486.58,493.33,482.08,491.2,
2023-08-09 00:00:00,490.85,494.98,484.23,487.73,
2023-08-10 00:00:00,487.13,490.88,485.63,488.63,
2023-08-11 00:00:00,488.78,499.78,476.53,480.9,
2023-08-14 00:00:00,482.93,485.93,474.93,481.18,
2023-08-15 00:00:00,479.6,480.48,468.85,468.98,
2023-08-16 00:00:00,469.78,479.78,469.03,476.78,
2023-08-17 00:00:00,477.55,482.18,472.18,480.93,
2023-08-18 00:00:00,481.33,490.08,480.33,490.08,
2023-08-21 00:00:00,495.08,501.33,476.33,476.95,
2023-08-22 00:00:00,478.18,481.18,469.93,474.93,
2023-08-23 00:00:00,476.4,487.53,475.03,485.4,
2023-08-24 00:00:00,486.88,490.5,478.38,482.13,
2023-08-25 00:00:00,482.0,487.88,479.88,480.63,
2023-08-28 00:00:00,488.7,492.08,484.33,491.45,
2023-08-29 00:00:00,491.53,498.03,483.28,484.65,
2023-08-30 00:00:00,487.13,491.63,479.38,480.88,
2023-08-31 00:00:00,481.63,486.13,476.88,479.38,
2023-09-01 00:00:00,478.33,485.58,477.83,483.08,
2023-09-05 00:00:00,482.98,489.35,479.23,487.23,
2023-09-06 00:00:00,488.98,490.73,483.98,486.35,
2023-09-07 00:00:00,485.73,488.98,483.98,486.98,
2023-09-08 00:00:00,486.6,489.23,482.73,483.6,
2023-09-11 00:00:00,483.48,487.23,481.48,486.48,
2023-09-12 00:00:00,485.68,487.55,474.43,477.93,
2023-09-13 00:00:00,477.75,483.63,475.63,482.88,
2023-09-14 00:00:00,483.08,485.95,479.58,481.7,
2023-09-15 00:00:00,481.28,484.78,476.53,476.9,
2023-09-18 00:00:00,476.98,480.23,470.73,473.23,
2023-09-19 00:00:00,472.93,478.68,469.68,477.93,
2023-09-20 00:00:00,477.5,484.88,476.63,483.63,
2023-09-21 00:00:00,483.33,484.58,476.33,477.33,
2023-09-22 00:00:00,477.78,480.9,476.78,480.15,
2023-09-25 00:00:00,478.23,485.1,476.48,484.48,
2023-09-26 00:00:00,483.68,486.18,479.43,482.43,
2023-09-27 00:00:00,482.88,489.63,482.13,487.63,
2023-09-28 00:00:00,487.45,492.33,484.33,491.83,
2023-09-29 00:00:00,490.9,493.15,479.03,479.28,
2023-10-02 00:00:00,480.73,493.23,479.73,491.98,
2023-10-03 00:00:00,491.93,493.18,488.18,491.68,
2023-10-04 00:00:00,491.88,493.63,486.38,490.25,
2023-10-05 00:00:00,490.08,502.58,486.83,500.58,
2023-10-06 00:00:00,500.53,503.28,496.03,497.03,
2023-10-09 00:00:00,496.73,501.48,491.98,492.73,
2023-10-10 00:00:00,492.68,492.93,488.93,490.68,
2023-10-11 00:00:00,490.38,493.38,488.63,492.88,
2023-10-12 00:00:00,492.58,503.83,487.58,500.33,
2023-10-13 00:00:00,500.03,504.03,496.03,499.53,
2023-10-16 00:00:00,499.98,502.35,495.23,495.48,
2023-10-17 00:00:00,495.3,498.68,493.68,494.68,
2023-10-18 00:00:00,494.63,499.88,494.63,498.5,
2023-10-19 00:00:00,498.08,511.58,496.58,511.33,
2023-10-20 00:00:00,510.18,515.67,501.43,501.43,
2023-10-23 00:00:00,501.0,503.38,496.88,497.13,
2023-10-24 00:00:00,497.58,498.08,489.58,489.83,
2023-10-25 00:00:00,490.28,492.78,483.53,487.28,
2023-10-26 00:00:00,486.98,491.23,484.73,486.73,
2023-10-27 00:00:00,487.05,491.18,485.68,488.93,
2023-10-30 00:00:00,487.38,491.63,485.13,486.13,
2023-10-31 00:00:00,486.08,490.58,485.33,486.83,
2023-11-01 00:00:00,486.78,487.78,480.53,483.53,
2023-11-02 00:00:00,483.48,485.23,477.73,477.98,
2023-11-03 00:00:00,478.53,489.28,476.53,489.28,
2023-11-06 01:00:00,485.95,489.33,485.33,486.33,
2023-11-07 01:00:00,485.88,486.38,477.13,477.88,
2023-11-08 01:00:00,478.55,489.68,477.93,484.43,
2023-11-09 01:00:00,484.63,485.38,476.13,477.88,
2023-11-10 01:00:00,478.05,478.68,471.68,473.68,
2023-11-13 01:00:00,473.48,487.73,471.23,487.1,
2023-11-14 01:00:00,487.03,490.28,483.53,488.78,
2023-11-15 01:00:00,488.43,491.18,478.18,482.43,
2023-11-16 01:00:00,482.43,487.68,476.68,485.18,
2023-11-17 01:00:00,485.78,486.78,478.78,478.78,
2023-11-20 01:00:00,479.65,482.53,477.03,481.9,
2023-11-21 01:00:00,482.13,488.13,481.13,483.13,
2023-11-22 01:00:00,482.58,487.33,481.58,482.45,
2023-11-24 01:00:00,483.65,485.78,478.03,479.28,
2023-11-27 01:00:00,480.35,481.73,469.98,471.85,
2023-11-28 01:00:00,473.18,474.43,468.18,469.68,
2023-11-29 01:00:00,474.38,477.13,470.63,475.63,
2023-11-30 01:00:00,475.38,484.38,474.88,482.38,
2023-12-01 01:00:00,481.98,489.48,478.98,489.35,
2023-12-04 01:00:00,483.58,488.58,481.58,485.33,
2023-12-05 01:00:00,485.43,490.93,483.93,490.68,
2023-12-06 01:00:00,490.28,494.03,484.03,484.28,
2023-12-07 01:00:00,484.63,489.63,483.38,488.13,
2023-12-08 01:00:00,488.23,492.48,484.73,487.48,
2023-12-11 01:00:00,487.83,488.33,480.58,482.83,
2023-12-12 01:00:00,483.18,488.68,482.68,485.55,
2023-12-13 01:00:00,485.03,485.78,478.53,480.9,
2023-12-14 01:00:00,482.48,485.35,480.23,481.23,
2023-12-15 01:00:00,480.93,485.18,479.18,483.93,
2023-12-18 01:00:00,484.03,484.03,477.03,478.65,
2023-12-19 01:00:00,479.23,479.98,473.23,474.48,
2023-12-20 01:00:00,474.68,477.43,470.18,471.93,
2023-12-21 01:00:00,472.13,475.88,471.38,474.63,
2023-12-22 01:00:00,474.83,476.08,473.83,474.83,
2023-12-26 01:00:00,475.48,483.48,474.23,482.98,
2023-12-27 01:00:00,482.43,482.93,477.43,479.43,
2023-12-28 01:00:00,479.13,481.88,477.13,477.38,
2023-12-29 01:00:00,476.73,477.98,473.85,473.98,
2024-01-02 01:00:00,474.13,474.13,466.13,468.13,
2024-01-03 01:00:00,468.08,469.58,465.58,468.83,
2024-01-04 01:00:00,468.78,473.03,467.28,470.53,
2024-01-05 01:00:00,470.48,471.98,464.23,465.98,
2024-01-08 01:00:00,465.93,466.68,456.43,458.93,
2024-01-09 01:00:00,459.38,464.88,456.38,463.5,
2024-01-10 01:00:00,463.58,466.33,459.33,463.58,
2024-01-11 01:00:00,463.43,466.43,460.43,461.93,
2024-01-12 01:00:00,462.28,464.78,446.03,453.78,
2024-01-16 01:00:00,452.7,456.33,447.33,448.83,
2024-01-17 01:00:00,449.28,453.53,445.53,447.53,
2024-01-18 01:00:00,447.38,450.38,442.38,449.13,
2024-01-19 01:00:00,448.98,454.98,448.73,454.85,
2024-01-22 01:00:00,451.08,453.58,449.83,451.33,
2024-01-23 01:00:00,451.43,456.43,449.93,452.43,
2024-01-24 01:00:00,452.53,458.53,452.28,457.78,
2024-01-25 01:00:00,457.63,459.13,453.63,457.13,
2024-01-26 01:00:00,457.23,457.73,451.73,452.48,
2024-01-29 01:00:00,452.58,453.58,443.58,446.08,
2024-01-30 01:00:00,445.68,454.43,442.68,454.18,
2024-01-31 01:00:00,453.88,455.13,449.88,454.63,
2024-02-01 01:00:00,454.48,454.48,449.98,453.23,
2024-02-02 01:00:00,453.18,455.43,448.68,449.68,
2024-02-05 01:00:00,449.38,451.88,446.63,450.13,
2024-02-06 01:00:00,449.83,452.58,445.58,445.58,
2024-02-07 01:00:00,445.78,446.53,440.28,442.28,
2024-02-08 01:00:00,441.98,444.48,437.48,440.98,
2024-02-09 01:00:00,440.93,444.68,436.18,438.18,
2024-02-12 01:00:00,438.13,440.63,435.88,438.63,
2024-02-13 01:00:00,438.43,442.93,437.18,439.68,
2024-02-14 01:00:00,439.48,439.48,430.98,432.48,
2024-02-15 01:00:00,432.53,433.78,426.03,426.53,
2024-02-16 01:00:00,425.98,430.73,424.23,425.48,
2024-02-20 01:00:00,425.93,431.43,424.68,428.68,
2024-02-21 01:00:00,428.83,429.58,420.33,420.33,
2024-02-22 01:00:00,420.73,425.98,414.98,417.23,
2024-02-23 01:00:00,417.28,420.28,409.53,410.78,
2024-02-26 01:00:00,411.5,419.25,406.13,418.75,
2024-02-27 01:00:00,419.53,424.28,419.53,422.03,
2024-02-28 01:00:00,423.63,430.38,421.88,430.13,
2024-02-29 01:00:00,429.63,431.88,423.88,429.88,
2024-03-01 01:00:00,429.45,431.08,422.33,424.58,
2024-03-04 01:00:00,424.78,433.78,424.53,430.65,
2024-03-05 01:00:00,430.98,431.48,425.73,426.73,
2024-03-06 01:00:00,427.18,430.18,424.18,429.93,
2024-03-07 01:00:00,429.75,439.63,429.38,438.75,
2024-03-08 01:00:00,438.83,441.08,432.83,441.08,
2024-03-11 00:00:00,440.28,444.28,434.78,442.78,
2024-03-12 00:00:00,442.73,446.48,439.73,443.48,
2024-03-13 00:00:00,443.18,446.18,440.18,443.18,
2024-03-14 00:00:00,442.63,444.13,435.13,436.38,
2024-03-15 00:00:00,436.33,442.08,434.08,440.33,
2024-03-18 00:00:00,439.53,442.78,436.53,439.03,
2024-03-19 00:00:00,439.6,442.48,437.73,441.98,
2024-03-20 00:00:00,441.68,442.18,438.43,442.18,
2024-03-21 00:00:00,442.1,448.73,440.73,444.23,
2024-03-22 00:00:00,443.78,444.78,439.53,444.78,
2024-03-25 00:00:00,442.73,444.73,440.73,440.98,
2024-03-26 00:00:00,441.03,444.53,436.03,436.03,
2024-03-27 00:00:00,436.33,436.33,430.58,430.83,
2024-03-28 00:00:00,431.38,452.13,430.63,446.88,
2024-04-01 00:00:00,446.88,446.88,437.38,441.13,
2024-04-02 00:00:00,441.18,441.93,429.93,433.18,
2024-04-03 00:00:00,433.98,438.73,431.35,437.98,
2024-04-04 00:00:00,438.78,441.78,435.78,441.53,
2024-04-05 00:00:00,441.08,444.58,438.58,439.95,
2024-04-08 00:00:00,439.83,443.58,437.83,441.7,
2024-04-09 00:00:00,442.18,442.43,436.43,438.18,
2024-04-10 00:00:00,438.13,442.63,438.0,440.88,
2024-04-11 00:00:00,441.08,444.58,434.83,435.95,
2024-04-12 00:00:00,435.88,444.88,434.63,442.38,
2024-04-15 00:00:00,442.08,442.83,438.08,439.08,
2024-04-16 00:00:00,439.13,440.13,436.63,438.88,
2024-04-17 00:00:00,439.18,441.18,437.8,438.68,
2024-04-18 00:00:00,438.38,439.38,434.88,435.63,
2024-04-19 00:00:00,435.98,442.48,435.48,441.98,
2024-04-22 00:00:00,441.08,449.58,439.83,448.58,
2024-04-23 00:00:00,448.53,452.53,447.53,452.03,
2024-04-24 00:00:00,451.63,453.38,446.38,446.38,
2024-04-25 00:00:00,446.53,451.28,445.53,450.53,
2024-04-26 00:00:00,450.58,452.33,448.83,448.83,
2024-04-29 00:00:00,450.13,451.25,445.63,449.38,
2024-04-30 00:00:00,448.88,450.13,444.63,447.13,
2024-05-01 00:00:00,446.58,451.58,444.08,450.33,
2024-05-02 00:00:00,450.93,460.68,450.93,460.18,
2024-05-03 00:00:00,459.78,468.28,457.78,460.53,
2024-05-06 00:00:00,459.48,470.48,454.98,469.73,
2024-05-07 00:00:00,469.58,472.58,466.83,468.08,
2024-05-08 00:00:00,467.78,467.78,458.53,459.9,
2024-05-09 00:00:00,459.73,462.98,455.48,458.1,
2024-05-10 00:00:00,458.18,471.18,458.18,469.93,
2024-05-13 00:00:00,469.63,476.88,467.13,473.38,
2024-05-14 00:00:00,473.58,477.08,468.33,469.58,
2024-05-15 00:00:00,469.28,475.28,463.53,464.78,
2024-05-16 00:00:00,464.48,467.35,458.23,459.23,
2024-05-17 00:00:00,459.68,462.68,453.43,455.18,
2024-05-20 00:00:00,455.13,465.88,454.88,462.63,
2024-05-21 00:00:00,462.58,463.83,457.58,460.83,
2024-05-22 00:00:00,461.53,466.03,461.03,464.03,
2024-05-23 00:00:00,464.48,470.23,461.6,467.73,
2024-05-24 00:00:00,468.18,469.93,464.18,468.18,
2024-05-28 00:00:00,470.58,474.58,463.83,466.95,
2024-05-29 00:00:00,466.28,466.78,458.28,459.65,
2024-05-30 00:00:00,459.48,460.98,451.73,452.73,
2024-05-31 00:00:00,453.68,457.93,449.93,450.18,
2024-06-03 00:00:00,450.15,453.28,443.53,447.28,
2024-06-04 00:00:00,446.38,452.63,444.63,446.63,
2024-06-05 00:00:00,446.98,448.73,442.98,443.73,
2024-06-06 00:00:00,443.95,458.08,443.58,458.08,
2024-06-07 00:00:00,457.33,458.83,449.08,453.58,
2024-06-10 00:00:00,453.43,457.43,452.68,455.93,
2024-06-11 00:00:00,455.68,460.93,453.93,454.18,
2024-06-12 00:00:00,453.93,459.68,453.43,457.93,
2024-06-13 00:00:00,458.48,464.98,458.23,462.73,
2024-06-14 00:00:00,462.23,464.23,452.73,453.23,
2024-06-17 00:00:00,452.58,454.58,448.08,448.58,
2024-06-18 00:00:00,449.68,456.68,448.43,452.93,
2024-06-20 00:00:00,453.13,454.38,444.38,444.88,
2024-06-21 00:00:00,445.38,447.63,439.38,439.38,
2024-06-24 00:00:00,440.6,440.98,430.23,438.48,
2024-06-25 00:00:00,439.18,439.93,428.93,429.43,
2024-06-26 00:00:00,430.23,435.48,424.48,424.6,
2024-06-27 00:00:00,425.38,427.38,422.38,422.63,
2024-06-28 00:00:00,422.88,428.75,399.63,408.25,
2024-07-01 00:00:00,406.33,410.08,401.33,408.08,
2024-07-02 00:00:00,407.9,414.03,406.28,408.28,
2024-07-03 00:00:00,408.48,410.48,404.73,405.35,
2024-07-05 00:00:00,406.63,413.13,406.38,411.63,
2024-07-08 00:00:00,410.58,411.08,392.58,394.33,
2024-07-09 00:00:00,395.25,400.13,393.38,395.25,
2024-07-10 00:00:00,395.43,399.68,392.68,397.68,
2024-07-11 00:00:00,397.63,404.88,396.88,402.88,
2024-07-12 00:00:00,402.33,406.83,393.33,405.58,
2024-07-15 00:00:00,405.15,405.15,392.03,392.03,
2024-07-16 00:00:00,392.83,400.58,392.83,398.83,
2024-07-17 00:00:00,398.63,403.13,398.25,401.88,
2024-07-18 00:00:00,401.18,402.18,393.43,394.93,
2024-07-19 00:00:00,394.1,395.73,393.73,395.73,
2024-07-22 00:00:00,398.23,404.48,396.35,403.98,
2024-07-23 00:00:00,403.0,411.13,401.38,405.88,
2024-07-24 00:00:00,405.03,413.78,403.53,408.28,
2024-07-25 00:00:00,407.68,413.43,406.8,411.18,
2024-07-26 00:00:00,410.58,411.83,399.33,399.95,
2024-07-29 00:00:00,397.7,402.58,395.83,402.33,
2024-07-30 00:00:00,401.98,402.73,393.48,393.98,
2024-07-31 00:00:00,394.63,396.88,387.63,389.13,
2024-08-01 00:00:00,389.38,390.88,385.13,390.38,
2024-08-02 00:00:00,390.28,395.03,389.28,393.53,
